alert_id,timestamp,device_id,user_id,alert_type,process_name,severity,status,analyst_decision,timestamp_raw,timestamp_format_raw,severity_raw,quality_flags
EDR001382,2026-03-11 10:03:00,D0162,U0131,Suspicious Process,backup_agent.exe,HIGH,Closed,FALSE_POSITIVE,2026-03-11 10:03:00,iso_space,HIGH,
EDR000843,2026-03-18 14:20:42,D0088,U0019,Unusual Network,outlook.exe,MEDIUM,Open,FALSE_POSITIVE,2026-03-18 14:20:42,iso_space,Medium,
EDR001258,2026-03-11 03:51:00,D0015,U0066,Suspicious Process,backup_agent.exe,HIGH,Closed,FALSE_POSITIVE,2026-03-11 03:51:00,iso_space,High,
EDR001222,2026-03-11 02:03:00,D0094,U0030,Suspicious Process,backup_agent.exe,HIGH,Closed,FALSE_POSITIVE,2026-03-11 02:03:00,iso_space,HIGH,
EDR000109,2026-03-12 15:18:33,D0185,U0041,PUP Detected,outlook.exe,LOW,In Progress,,2026-03-12 15:18:33,iso_space,Low,MISSING_ANALYST_DECISION
EDR001150,2026-03-09 13:36:04,D0102,U0252,PUP Detected,sccm_client.exe,MEDIUM,Closed,,2026-03-09T13:36:04Z,iso_z,Medium,MISSING_ANALYST_DECISION
EDR000161,2026-03-03 17:23:10,D0100,U0336,Unusual Network,outlook.exe,MEDIUM,In Progress,FALSE_POSITIVE,2026-03-03T17:23:10Z,iso_z,Medium,
EDR000269,2026-03-18 14:35:27,D0169,U0190,Unusual Network,python.exe,MEDIUM,In Progress,FALSE_POSITIVE,2026-03-18 14:35:27,iso_space,MEDIUM,
EDR000359,2026-03-13 15:43:33,D0046,U0292,PUP Detected,inventory_scan.exe,HIGH,Closed,FALSE_POSITIVE,2026-03-13T15:43:33Z,iso_z,High,
EDR000541,2026-03-02 13:20:53,D0008,U0015,Suspicious Process,outlook.exe,MEDIUM,Closed,FALSE_POSITIVE,2026-03-02 13:20:53,iso_space,Medium,
EDR000733,2026-03-12 10:28:43,D0108,U0038,Unusual Network,chrome.exe,LOW,Open,FALSE_POSITIVE,2026-03-12 10:28:43,iso_space,low,
EDR000696,2026-03-08 09:39:57,D0186,U0350,Unusual Network,outlook.exe,HIGH,Open,FALSE_POSITIVE,2026-03-08 09:39:57,iso_space,High,
EDR001604,2026-03-12 13:21:05,D0143,U0390,Unusual Network,rundll32.exe,CRITICAL,In Progress,NEEDS_INVESTIGATION,2026-03-12 13:21:05,iso_space,Critical,
EDR001634,2026-03-14 14:36:01,D0004,U0392,PowerShell Abuse,mimikatz.exe,CRITICAL,Closed,FALSE_POSITIVE,2026-03-14 14:36:01,iso_space,CRITICAL,
EDR001206,2026-03-11 01:15:00,D0066,U0146,Suspicious Process,backup_agent.exe,HIGH,Closed,,2026-03-11 01:15:00,iso_space,High,MISSING_ANALYST_DECISION
EDR000428,2026-03-03 10:28:52,D0053,U0205,PUP Detected,teams.exe,MEDIUM,Closed,FALSE_POSITIVE,2026-03-03T10:28:52Z,iso_z,MEDIUM,
EDR001252,2026-03-11 03:33:00,D0165,U0392,Suspicious Process,backup_agent.exe,HIGH,Closed,FALSE_POSITIVE,2026-03-11 03:33:00,iso_space,high,
EDR001600,2026-03-18 16:51:56,D0021,U0380,Suspicious Process,teams.exe,MEDIUM,In Progress,,2026-03-18T16:51:56Z,iso_z,Medium,MISSING_ANALYST_DECISION
EDR001410,2026-03-11 11:27:00,D0053,U0167,Suspicious Process,backup_agent.exe,HIGH,Closed,FALSE_POSITIVE,2026-03-11T11:27:00Z,iso_z,high,
EDR000802,2026-03-11 16:17:49,D0114,U0069,Unusual Network,teams.exe,MEDIUM,Closed,FALSE_POSITIVE,2026-03-11T16:17:49Z,iso_z,MEDIUM,
EDR001803,2026-03-12 03:51:00,D0003,U0007,Persistence Attempt,rundll32.exe,CRITICAL,In Progress,NEEDS_INVESTIGATION,2026-03-12 03:51:00,iso_space,critical,
EDR000461,2026-03-16 08:52:09,D0156,U0116,PUP Detected,inventory_scan.exe,MEDIUM,Closed,FALSE_POSITIVE,2026-03-16 08:52:09,iso_space,medium,
EDR001334,2026-03-11 07:39:00,D0119,U0090,Suspicious Process,backup_agent.exe,HIGH,Closed,FALSE_POSITIVE,2026-03-11 07:39:00,iso_space,high,
EDR001292,2026-03-11 05:33:00,D0198,U0367,Suspicious Process,backup_agent.exe,HIGH,Closed,FALSE_POSITIVE,2026-03-11 05:33:00,iso_space,High,
EDR000002,2026-03-21 12:45:50,D0161,U0372,Suspicious Process,teams.exe,HIGH,In Progress,FALSE_POSITIVE,2026-03-21 12:45:50,iso_space,high,
EDR000489,2026-03-07 12:05:19,D0194,U0110,Unusual Network,teams.exe,MEDIUM,Closed,FALSE_POSITIVE,2026-03-07 12:05:19,iso_space,medium,
EDR001698,2026-03-19 08:38:11,D0038,U0125,Unusual Network,cryptolock.exe,MEDIUM,Open,NEEDS_INVESTIGATION,2026-03-19 08:38:11,iso_space,medium,
EDR001689,2026-03-09 16:36:35,D0175,U0364,Credential Access,chrome.exe,LOW,Open,NEEDS_INVESTIGATION,2026-03-09T16:36:35Z,iso_z,low,
EDR001628,2026-03-10 13:23:23,D0059,U0264,PowerShell Abuse,cryptolock.exe,HIGH,Open,NEEDS_INVESTIGATION,2026-03-10 13:23:23,iso_space,HIGH,
EDR001441,2026-03-11 13:00:00,D0138,U0323,Suspicious Process,backup_agent.exe,HIGH,Closed,FALSE_POSITIVE,2026-03-11 13:00:00,iso_space,High,
EDR000977,2026-03-18 18:49:59,D0096,U0027,PUP Detected,outlook.exe,MEDIUM,Closed,FALSE_POSITIVE,2026-03-18 18:49:59,iso_space,medium,
EDR000894,2026-03-11 12:40:21,D0044,U0170,Suspicious Process,antivirus_update.exe,LOW,Closed,FALSE_POSITIVE,2026-03-11 12:40:21,iso_space,LOW,
EDR001524,2026-03-11 17:09:00,D0045,U0021,Suspicious Process,backup_agent.exe,HIGH,Closed,FALSE_POSITIVE,2026-03-11T17:09:00Z,iso_z,high,
EDR001216,2026-03-11 01:45:00,D0120,U0219,Suspicious Process,backup_agent.exe,HIGH,Closed,FALSE_POSITIVE,2026-03-11 01:45:00,iso_space,High,
EDR000671,2026-03-16 12:42:22,D0074,U0136,Unusual Network,teams.exe,HIGH,In Progress,FALSE_POSITIVE,2026-03-16 12:42:22,iso_space,High,
EDR000675,2026-03-10 13:10:48,D0127,U0073,Unusual Network,inventory_scan.exe,HIGH,Closed,,2026-03-10 13:10:48,iso_space,high,MISSING_ANALYST_DECISION
EDR000262,2026-03-12 12:29:00,D0086,U0105,Unusual Network,sccm_client.exe,HIGH,Closed,FALSE_POSITIVE,2026-03-12 12:29:00,iso_space,HIGH,
EDR001477,2026-03-11 14:48:00,D0021,U0030,Suspicious Process,backup_agent.exe,HIGH,Closed,FALSE_POSITIVE,2026-03-11 14:48:00,iso_space,High,
EDR000652,2026-03-20 10:31:10,D0024,U0355,Unusual Network,inventory_scan.exe,HIGH,In Progress,FALSE_POSITIVE,2026-03-20 10:31:10,iso_space,High,
EDR000929,2026-03-11 09:23:42,D0189,U0097,Unusual Network,sccm_client.exe,LOW,In Progress,FALSE_POSITIVE,2026-03-11T09:23:42Z,iso_z,Low,
EDR001304,2026-03-11 06:09:00,D0118,U0030,Suspicious Process,backup_agent.exe,HIGH,Closed,FALSE_POSITIVE,2026-03-11 06:09:00,iso_space,High,
EDR000942,2026-03-12 09:52:24,D0200,U0017,PUP Detected,outlook.exe,LOW,Open,,2026-03-12 09:52:24,iso_space,Low,MISSING_ANALYST_DECISION
EDR001568,2026-03-11 19:21:00,D0112,U0197,Suspicious Process,backup_agent.exe,HIGH,Closed,FALSE_POSITIVE,2026-03-11T19:21:00Z,iso_z,High,
EDR000499,2026-03-07 18:33:23,D0165,U0270,PUP Detected,chrome.exe,LOW,Open,FALSE_POSITIVE,2026-03-07 18:33:23,iso_space,Low,
EDR000466,2026-03-16 10:58:21,D0126,U0315,PUP Detected,python.exe,HIGH,Closed,FALSE_POSITIVE,2026-03-16 10:58:21,iso_space,HIGH,
EDR001416,2026-03-11 11:45:00,D0122,U0293,Suspicious Process,backup_agent.exe,HIGH,Closed,FALSE_POSITIVE,2026-03-11 11:45:00,iso_space,High,
EDR001054,2026-03-05 08:30:33,D0161,U0336,PUP Detected,sccm_client.exe,MEDIUM,In Progress,FALSE_POSITIVE,2026-03-05 08:30:33,iso_space,MEDIUM,
EDR001642,2026-03-18 17:00:33,D0101,U0285,PUP Detected,outlook.exe,HIGH,Open,NEEDS_INVESTIGATION,2026-03-18 17:00:33,iso_space,High,
EDR000784,2026-03-07 13:30:21,D0065,U0299,PUP Detected,python.exe,LOW,Open,FALSE_POSITIVE,2026-03-07 13:30:21,iso_space,Low,
EDR001577,2026-03-11 19:48:00,D0199,U0364,Suspicious Process,backup_agent.exe,HIGH,Closed,FALSE_POSITIVE,2026-03-11 19:48:00,iso_space,HIGH,
EDR001807,2026-03-12 04:03:00,D0003,U0007,Persistence Attempt,powershell_enc.exe,CRITICAL,Open,TRUE_POSITIVE,2026-03-12T04:03:00Z,iso_z,critical,
EDR000754,2026-03-11 11:07:05,D0131,U0128,PUP Detected,antivirus_update.exe,HIGH,Closed,FALSE_POSITIVE,2026-03-11T11:07:05Z,iso_z,HIGH,
EDR000021,2026-03-22 17:46:33,D0181,U0081,Suspicious Process,antivirus_update.exe,HIGH,In Progress,FALSE_POSITIVE,2026-03-22 17:46:33,iso_space,high,
EDR001073,2026-03-05 08:11:42,D0095,U0262,Unusual Network,chrome.exe,HIGH,In Progress,FALSE_POSITIVE,2026-03-05 08:11:42,iso_space,high,
EDR000692,2026-03-16 14:46:56,D0108,U0228,Unusual Network,sccm_client.exe,MEDIUM,Open,FALSE_POSITIVE,2026-03-16T14:46:56Z,iso_z,MEDIUM,
EDR001778,2026-03-12 02:36:00,D0003,U0007,PowerShell Abuse,rundll32.exe,HIGH,In Progress,TRUE_POSITIVE,2026-03-12 02:36:00,iso_space,HIGH,
EDR000622,2026-03-16 18:09:56,D0170,U0202,Suspicious Process,inventory_scan.exe,HIGH,In Progress,FALSE_POSITIVE,2026-03-16 18:09:56,iso_space,High,
EDR000709,2026-03-04 13:54:58,D0135,U0253,PUP Detected,teams.exe,LOW,In Progress,FALSE_POSITIVE,2026-03-04 13:54:58,iso_space,low,
EDR001635,2026-03-18 17:42:39,D0074,U0050,PUP Detected,cryptolock.exe,MEDIUM,Open,NEEDS_INVESTIGATION,2026-03-18T17:42:39Z,iso_z,MEDIUM,
EDR000266,2026-03-06 10:00:43,D0171,U0223,Suspicious Process,teams.exe,LOW,Open,FALSE_POSITIVE,2026-03-06 10:00:43,iso_space,Low,
EDR000554,2026-03-10 17:58:22,D0085,U0063,PUP Detected,sccm_client.exe,HIGH,Closed,FALSE_POSITIVE,2026-03-10 17:58:22,iso_space,high,
EDR000102,2026-03-10 14:18:11,D0073,U0053,Unusual Network,inventory_scan.exe,HIGH,In Progress,FALSE_POSITIVE,2026-03-10T14:18:11Z,iso_z,HIGH,
EDR000154,2026-03-20 18:35:41,D0059,U0256,PUP Detected,teams.exe,MEDIUM,Open,,2026-03-20 18:35:41,iso_space,medium,MISSING_ANALYST_DECISION
EDR000027,2026-03-13 13:08:41,D0127,U0261,PUP Detected,antivirus_update.exe,HIGH,In Progress,FALSE_POSITIVE,2026-03-13 13:08:41,iso_space,HIGH,
EDR001716,2026-03-13 10:30:29,D0146,U0369,Suspicious Process,antivirus_update.exe,HIGH,Open,,2026-03-13 10:30:29,iso_space,High,MISSING_ANALYST_DECISION
EDR000368,2026-03-04 16:33:30,D0026,U0010,PUP Detected,outlook.exe,HIGH,Closed,FALSE_POSITIVE,2026-03-04 16:33:30,iso_space,High,
EDR001690,2026-03-05 11:50:16,D0163,U0140,PUP Detected,inventory_scan.exe,LOW,In Progress,NEEDS_INVESTIGATION,2026-03-05T11:50:16Z,iso_z,LOW,
EDR001197,2026-03-11 00:48:00,D0036,U0195,Suspicious Process,backup_agent.exe,HIGH,Closed,FALSE_POSITIVE,2026-03-11 00:48:00,iso_space,high,
EDR000104,2026-03-11 14:00:19,D0090,U0375,Suspicious Process,sccm_client.exe,MEDIUM,Closed,FALSE_POSITIVE,2026-03-11 14:00:19,iso_space,medium,
EDR001478,2026-03-11 14:51:00,D0193,U0288,Suspicious Process,backup_agent.exe,HIGH,Closed,FALSE_POSITIVE,2026-03-11T14:51:00Z,iso_z,HIGH,
EDR001367,2026-03-11 09:18:00,D0109,U0316,Suspicious Process,backup_agent.exe,HIGH,Closed,FALSE_POSITIVE,2026-03-11 09:18:00,iso_space,high,
EDR000218,2026-03-15 10:58:22,D0051,U0204,Suspicious Process,python.exe,MEDIUM,Open,FALSE_POSITIVE,2026-03-15 10:58:22,iso_space,MEDIUM,
EDR001319,2026-03-11 06:54:00,D0092,U0030,Suspicious Process,backup_agent.exe,HIGH,Closed,FALSE_POSITIVE,2026-03-11 06:54:00,iso_space,HIGH,
EDR001023,2026-03-05 08:55:39,D0155,U0038,PUP Detected,sccm_client.exe,LOW,Closed,FALSE_POSITIVE,2026-03-05 08:55:39,iso_space,Low,
EDR000561,2026-03-06 16:17:07,D0009,U0350,Unusual Network,antivirus_update.exe,HIGH,Closed,FALSE_POSITIVE,2026-03-06 16:17:07,iso_space,High,
EDR001119,2026-03-16 08:33:38,D0190,U0148,Suspicious Process,antivirus_update.exe,LOW,Open,FALSE_POSITIVE,2026-03-16 08:33:38,iso_space,LOW,
EDR001507,2026-03-11 16:18:00,D0114,U0176,Suspicious Process,backup_agent.exe,HIGH,Closed,FALSE_POSITIVE,2026-03-11 16:18:00,iso_space,high,
EDR000981,2026-03-07 12:47:01,D0180,U0337,Unusual Network,chrome.exe,HIGH,Open,FALSE_POSITIVE,2026-03-07 12:47:01,iso_space,HIGH,
EDR000410,2026-03-08 17:00:36,D0080,U0286,Unusual Network,teams.exe,HIGH,Open,FALSE_POSITIVE,2026-03-08T17:00:36Z,iso_z,high,
EDR000676,2026-03-21 12:49:13,D0198,U0091,PUP Detected,sccm_client.exe,MEDIUM,In Progress,FALSE_POSITIVE,2026-03-21 12:49:13,iso_space,MEDIUM,
EDR000507,2026-03-09 17:56:07,D0083,U0308,Suspicious Process,chrome.exe,MEDIUM,Closed,FALSE_POSITIVE,2026-03-09 17:56:07,iso_space,medium,
EDR000702,2026-03-18 16:27:47,D0172,U0343,Suspicious Process,antivirus_update.exe,HIGH,In Progress,FALSE_POSITIVE,2026-03-18T16:27:47Z,iso_z,High,
EDR000756,2026-03-07 13:33:25,D0122,U0012,PUP Detected,inventory_scan.exe,MEDIUM,Closed,FALSE_POSITIVE,2026-03-07 13:33:25,iso_space,MEDIUM,
EDR000812,2026-03-03 13:26:40,D0080,U0011,PUP Detected,inventory_scan.exe,MEDIUM,Open,FALSE_POSITIVE,2026-03-03 13:26:40,iso_space,Medium,
EDR000850,2026-03-21 18:16:08,D0001,U0087,PUP Detected,sccm_client.exe,HIGH,Closed,FALSE_POSITIVE,2026-03-21 18:16:08,iso_space,HIGH,
EDR001814,2026-03-12 04:24:00,D0003,U0007,Persistence Attempt,cryptolock.exe,CRITICAL,In Progress,NEEDS_INVESTIGATION,2026-03-12 04:24:00,iso_space,CRITICAL,
EDR001742,2026-03-02 15:16:55,D0190,U0332,PowerShell Abuse,powershell_enc.exe,CRITICAL,Closed,TRUE_POSITIVE,2026-03-02 15:16:55,iso_space,Critical,
EDR000903,2026-03-11 18:00:08,D0096,U0278,Unusual Network,teams.exe,LOW,Closed,FALSE_POSITIVE,2026-03-11 18:00:08,iso_space,Low,
EDR000156,2026-03-17 19:23:44,D0103,U0013,Suspicious Process,inventory_scan.exe,HIGH,In Progress,FALSE_POSITIVE,2026-03-17 19:23:44,iso_space,High,
EDR001653,2026-03-16 12:53:46,D0089,U0234,PowerShell Abuse,cryptolock.exe,CRITICAL,In Progress,NEEDS_INVESTIGATION,2026-03-16 12:53:46,iso_space,critical,
EDR000884,2026-03-09 10:45:02,D0132,U0143,Unusual Network,python.exe,LOW,Closed,FALSE_POSITIVE,2026-03-09T10:45:02Z,iso_z,Low,
EDR000954,2026-03-08 17:20:24,D0164,U0156,Unusual Network,antivirus_update.exe,MEDIUM,Closed,FALSE_POSITIVE,2026-03-08 17:20:24,iso_space,MEDIUM,
EDR000730,2026-03-12 16:37:24,D0006,U0139,PUP Detected,antivirus_update.exe,LOW,Open,FALSE_POSITIVE,2026-03-12 16:37:24,iso_space,Low,
EDR001041,2026-03-06 12:11:25,D0076,U0293,PUP Detected,sccm_client.exe,HIGH,Open,FALSE_POSITIVE,2026-03-06 12:11:25,iso_space,HIGH,
EDR001840,2026-03-16 09:12:32,D9008,U0179,Unusual Network,chrome.exe,CRITICAL,Open,,2026-03-16 09:12:32,iso_space,critical,MISSING_ANALYST_DECISION;UNKNOWN_DEVICE_REF
EDR000280,2026-03-15 14:54:30,D0057,U0076,Unusual Network,inventory_scan.exe,HIGH,Open,FALSE_POSITIVE,2026-03-15 14:54:30,iso_space,high,
EDR001306,2026-03-11 06:15:00,D0114,U0026,Suspicious Process,backup_agent.exe,HIGH,Closed,FALSE_POSITIVE,2026-03-11 06:15:00,iso_space,HIGH,
EDR000792,2026-03-19 11:36:23,D0140,U0321,PUP Detected,teams.exe,LOW,In Progress,FALSE_POSITIVE,2026-03-19 11:36:23,iso_space,LOW,
EDR001012,2026-03-14 19:42:52,D0090,U0141,Unusual Network,sccm_client.exe,MEDIUM,Open,FALSE_POSITIVE,2026-03-14T19:42:52Z,iso_z,Medium,
EDR000374,2026-03-19 18:43:57,D0150,U0030,PUP Detected,outlook.exe,HIGH,Open,,2026-03-19T18:43:57Z,iso_z,High,MISSING_ANALYST_DECISION
EDR001595,2026-03-05 19:37:14,D0017,U0219,Ransomware Behaviour,mimikatz.exe,LOW,In Progress,NEEDS_INVESTIGATION,2026-03-05T19:37:14Z,iso_z,LOW,
EDR000937,2026-03-02 11:02:39,D0188,U0058,Unusual Network,teams.exe,HIGH,In Progress,FALSE_POSITIVE,2026-03-02 11:02:39,iso_space,HIGH,
EDR001637,2026-03-14 09:43:26,D0163,U0034,Ransomware Behaviour,rundll32.exe,MEDIUM,In Progress,NEEDS_INVESTIGATION,2026-03-14T09:43:26Z,iso_z,MEDIUM,
EDR000997,2026-03-02 19:17:24,D0022,U0004,Suspicious Process,teams.exe,HIGH,Closed,FALSE_POSITIVE,2026-03-02T19:17:24Z,iso_z,HIGH,
EDR000479,2026-03-04 08:36:29,D0138,U0243,Unusual Network,inventory_scan.exe,HIGH,In Progress,FALSE_POSITIVE,2026-03-04 08:36:29,iso_space,High,
EDR000144,2026-03-11 10:28:09,D0138,U0122,Unusual Network,teams.exe,HIGH,Open,FALSE_POSITIVE,2026-03-11 10:28:09,iso_space,high,
EDR000987,2026-03-17 17:34:05,D0064,U0161,Unusual Network,inventory_scan.exe,LOW,Open,,2026-03-17 17:34:05,iso_space,Low,MISSING_ANALYST_DECISION
EDR000190,2026-03-03 14:37:14,D0170,U0062,Suspicious Process,inventory_scan.exe,MEDIUM,Closed,,2026-03-03 14:37:14,iso_space,MEDIUM,MISSING_ANALYST_DECISION
EDR001688,2026-03-02 17:07:31,D0103,U0345,Malware Signature,inventory_scan.exe,MEDIUM,Open,NEEDS_INVESTIGATION,2026-03-02T17:07:31Z,iso_z,MEDIUM,
EDR001563,2026-03-11 19:06:00,D0194,U0363,Suspicious Process,backup_agent.exe,HIGH,Closed,FALSE_POSITIVE,2026-03-11 19:06:00,iso_space,HIGH,
EDR001648,2026-03-10 13:14:30,D0074,U0334,Suspicious Process,python.exe,HIGH,Open,NEEDS_INVESTIGATION,2026-03-10 13:14:30,iso_space,high,
EDR000863,2026-03-21 12:23:56,D0007,U0128,Suspicious Process,sccm_client.exe,LOW,In Progress,FALSE_POSITIVE,2026-03-21 12:23:56,iso_space,low,
EDR001265,2026-03-11 04:12:00,D0187,U0326,Suspicious Process,backup_agent.exe,HIGH,Closed,FALSE_POSITIVE,2026-03-11 04:12:00,iso_space,high,
EDR001545,2026-03-11 18:12:00,D0082,U0376,Suspicious Process,backup_agent.exe,HIGH,Closed,FALSE_POSITIVE,2026-03-11 18:12:00,iso_space,High,
EDR000286,2026-03-13 14:38:33,D0031,U0326,PUP Detected,sccm_client.exe,MEDIUM,Open,FALSE_POSITIVE,2026-03-13 14:38:33,iso_space,Medium,
EDR001419,2026-03-11 11:54:00,D0119,U0317,Suspicious Process,backup_agent.exe,HIGH,Closed,FALSE_POSITIVE,2026-03-11 11:54:00,iso_space,High,
EDR001016,2026-03-09 11:12:36,D0101,U0300,Unusual Network,inventory_scan.exe,HIGH,Closed,FALSE_POSITIVE,2026-03-09T11:12:36Z,iso_z,HIGH,
EDR001718,2026-03-03 16:51:52,D0082,U0044,Ransomware Behaviour,antivirus_update.exe,MEDIUM,In Progress,NEEDS_INVESTIGATION,2026-03-03T16:51:52Z,iso_z,medium,
EDR001722,2026-03-02 15:39:08,D0145,U0125,Credential Access,teams.exe,MEDIUM,Open,,2026-03-02 15:39:08,iso_space,MEDIUM,MISSING_ANALYST_DECISION
EDR001357,2026-03-11 08:48:00,D0176,U0282,Suspicious Process,backup_agent.exe,HIGH,Closed,FALSE_POSITIVE,2026-03-11 08:48:00,iso_space,high,
EDR000656,2026-03-08 19:24:59,D0085,U0056,Suspicious Process,inventory_scan.exe,HIGH,In Progress,FALSE_POSITIVE,2026-03-08T19:24:59Z,iso_z,High,
EDR001668,2026-03-08 13:04:43,D0036,U0265,Persistence Attempt,rundll32.exe,MEDIUM,Open,NEEDS_INVESTIGATION,2026-03-08 13:04:43,iso_space,medium,
EDR000124,2026-03-21 08:24:53,D0075,U0209,Suspicious Process,antivirus_update.exe,MEDIUM,In Progress,FALSE_POSITIVE,2026-03-21 08:24:53,iso_space,MEDIUM,
EDR001221,2026-03-11 02:00:00,D0170,U0365,Suspicious Process,backup_agent.exe,HIGH,Closed,FALSE_POSITIVE,2026-03-11 02:00:00,iso_space,HIGH,
EDR000737,2026-03-06 09:34:48,D0015,U0145,Unusual Network,python.exe,LOW,Open,FALSE_POSITIVE,2026-03-06 09:34:48,iso_space,low,
EDR000203,2026-03-19 14:27:22,D0029,U0262,PUP Detected,sccm_client.exe,HIGH,In Progress,FALSE_POSITIVE,2026-03-19 14:27:22,iso_space,HIGH,
EDR000761,2026-03-03 13:07:22,D0059,U0337,Unusual Network,outlook.exe,MEDIUM,Open,FALSE_POSITIVE,2026-03-03 13:07:22,iso_space,MEDIUM,
EDR001558,2026-03-11 18:51:00,D0136,U0173,Suspicious Process,backup_agent.exe,HIGH,Closed,FALSE_POSITIVE,2026-03-11 18:51:00,iso_space,High,
EDR000408,2026-03-11 14:25:15,D0055,U0063,Suspicious Process,teams.exe,HIGH,Closed,FALSE_POSITIVE,2026-03-11 14:25:15,iso_space,High,
EDR000698,2026-03-09 19:13:02,D0082,U0312,Unusual Network,teams.exe,HIGH,Open,,2026-03-09T19:13:02Z,iso_z,High,MISSING_ANALYST_DECISION
EDR001624,2026-03-02 08:07:06,D0084,U0017,PUP Detected,mimikatz.exe,MEDIUM,Open,NEEDS_INVESTIGATION,2026-03-02 08:07:06,iso_space,Medium,
EDR000325,2026-03-18 18:50:27,D0094,U0133,Unusual Network,sccm_client.exe,HIGH,Closed,FALSE_POSITIVE,2026-03-18 18:50:27,iso_space,High,
EDR000327,2026-03-21 09:59:09,D0131,U0060,Suspicious Process,antivirus_update.exe,MEDIUM,In Progress,FALSE_POSITIVE,2026-03-21 09:59:09,iso_space,Medium,
EDR000344,2026-03-12 15:11:58,D0159,U0209,Unusual Network,sccm_client.exe,HIGH,In Progress,FALSE_POSITIVE,2026-03-12 15:11:58,iso_space,High,
EDR001679,2026-03-12 14:41:38,D0110,U0166,Credential Access,psexec.exe,CRITICAL,Open,NEEDS_INVESTIGATION,2026-03-12 14:41:38,iso_space,critical,
EDR000603,2026-03-16 18:40:17,D0094,U0368,Suspicious Process,antivirus_update.exe,MEDIUM,Closed,FALSE_POSITIVE,2026-03-16 18:40:17,iso_space,medium,
EDR000303,2026-03-22 15:32:18,D0135,U0034,PUP Detected,inventory_scan.exe,HIGH,Closed,FALSE_POSITIVE,2026-03-22 15:32:18,iso_space,high,
EDR000862,2026-03-04 15:32:22,D0169,U0372,Suspicious Process,sccm_client.exe,MEDIUM,In Progress,FALSE_POSITIVE,2026-03-04 15:32:22,iso_space,MEDIUM,
EDR001029,2026-03-03 14:34:28,D0003,U0240,Suspicious Process,inventory_scan.exe,LOW,In Progress,FALSE_POSITIVE,2026-03-03 14:34:28,iso_space,low,
EDR001064,2026-03-03 12:21:19,D0037,U0358,Suspicious Process,chrome.exe,MEDIUM,In Progress,FALSE_POSITIVE,2026-03-03 12:21:19,iso_space,Medium,
EDR001502,2026-03-11 16:03:00,D0121,U0271,Suspicious Process,backup_agent.exe,HIGH,Closed,FALSE_POSITIVE,2026-03-11T16:03:00Z,iso_z,High,
EDR000928,2026-03-07 08:20:26,D0161,U0248,Suspicious Process,sccm_client.exe,MEDIUM,Closed,FALSE_POSITIVE,2026-03-07 08:20:26,iso_space,Medium,
EDR000388,2026-03-07 13:19:36,D0179,U0239,Suspicious Process,python.exe,LOW,Closed,FALSE_POSITIVE,2026-03-07 13:19:36,iso_space,low,
EDR000750,2026-03-06 09:34:41,D0016,U0236,Suspicious Process,antivirus_update.exe,HIGH,Closed,FALSE_POSITIVE,2026-03-06 09:34:41,iso_space,High,
EDR000220,2026-03-10 14:42:30,D0104,U0213,Suspicious Process,chrome.exe,HIGH,Open,FALSE_POSITIVE,2026-03-10 14:42:30,iso_space,High,
EDR000329,2026-03-15 09:15:39,D0057,U0016,Unusual Network,chrome.exe,HIGH,Open,,2026-03-15 09:15:39,iso_space,high,MISSING_ANALYST_DECISION
EDR001240,2026-03-11 02:57:00,D0003,U0198,Suspicious Process,backup_agent.exe,HIGH,Closed,FALSE_POSITIVE,2026-03-11 02:57:00,iso_space,High,
EDR000500,2026-03-14 11:11:42,D0052,U0037,Suspicious Process,teams.exe,LOW,Closed,FALSE_POSITIVE,2026-03-14 11:11:42,iso_space,LOW,
EDR001111,2026-03-12 16:44:05,D0148,U0008,Unusual Network,inventory_scan.exe,LOW,Closed,FALSE_POSITIVE,2026-03-12 16:44:05,iso_space,Low,
EDR001262,2026-03-11 04:03:00,D0144,U0343,Suspicious Process,backup_agent.exe,HIGH,Closed,FALSE_POSITIVE,2026-03-11 04:03:00,iso_space,High,
EDR000278,2026-03-19 16:43:26,D0180,U0102,Suspicious Process,python.exe,HIGH,Closed,FALSE_POSITIVE,2026-03-19T16:43:26Z,iso_z,high,
EDR001380,2026-03-11 09:57:00,D0150,U0242,Suspicious Process,backup_agent.exe,HIGH,Closed,FALSE_POSITIVE,2026-03-11 09:57:00,iso_space,HIGH,
EDR000383,2026-03-16 08:39:29,D0050,U0153,PUP Detected,inventory_scan.exe,HIGH,In Progress,,2026-03-16 08:39:29,iso_space,High,MISSING_ANALYST_DECISION
EDR000468,2026-03-11 10:01:28,D0052,U0207,PUP Detected,antivirus_update.exe,HIGH,Closed,FALSE_POSITIVE,2026-03-11T10:01:28Z,iso_z,High,
EDR001147,2026-03-12 16:16:10,D0034,U0031,Suspicious Process,antivirus_update.exe,MEDIUM,In Progress,FALSE_POSITIVE,2026-03-12 16:16:10,iso_space,MEDIUM,
EDR000572,2026-03-19 14:03:44,D0111,U0280,PUP Detected,teams.exe,LOW,In Progress,FALSE_POSITIVE,2026-03-19T14:03:44Z,iso_z,Low,
EDR000031,2026-03-12 10:30:35,D0030,U0097,PUP Detected,antivirus_update.exe,MEDIUM,Open,FALSE_POSITIVE,2026-03-12 10:30:35,iso_space,Medium,
EDR001739,2026-03-22 19:16:13,D0187,U0117,Malware Signature,mimikatz.exe,CRITICAL,Closed,TRUE_POSITIVE,2026-03-22 19:16:13,iso_space,Critical,
EDR000876,2026-03-03 16:22:27,D0147,U0080,Unusual Network,sccm_client.exe,LOW,Closed,FALSE_POSITIVE,2026-03-03 16:22:27,iso_space,Low,
EDR001848,2026-03-13 08:47:52,D9003,U0146,Suspicious Process,outlook.exe,LOW,Open,NEEDS_INVESTIGATION,2026-03-13 08:47:52,iso_space,Low,UNKNOWN_DEVICE_REF
EDR000557,2026-03-06 12:59:11,D0055,U0105,Suspicious Process,outlook.exe,HIGH,Closed,FALSE_POSITIVE,2026-03-06 12:59:11,iso_space,High,
EDR000535,2026-03-06 18:08:08,D0188,U0224,PUP Detected,outlook.exe,LOW,Open,FALSE_POSITIVE,2026-03-06 18:08:08,iso_space,Low,
EDR000231,2026-03-15 12:56:07,D0109,U0144,Unusual Network,chrome.exe,LOW,Closed,FALSE_POSITIVE,2026-03-15 12:56:07,iso_space,Low,
EDR001053,2026-03-06 19:56:12,D0095,U0250,PUP Detected,teams.exe,HIGH,Closed,FALSE_POSITIVE,2026-03-06 19:56:12,iso_space,High,
EDR001195,2026-03-11 00:42:00,D0117,U0219,Suspicious Process,backup_agent.exe,HIGH,Closed,,2026-03-11 00:42:00,iso_space,high,MISSING_ANALYST_DECISION
EDR001326,2026-03-11 07:15:00,D0148,U0299,Suspicious Process,backup_agent.exe,HIGH,Closed,FALSE_POSITIVE,2026-03-11 07:15:00,iso_space,HIGH,
EDR000593,2026-03-03 14:48:10,D0073,U0393,Unusual Network,teams.exe,MEDIUM,Open,FALSE_POSITIVE,2026-03-03 14:48:10,iso_space,MEDIUM,
EDR001236,2026-03-11 02:45:00,D0056,U0207,Suspicious Process,backup_agent.exe,HIGH,Closed,FALSE_POSITIVE,2026-03-11 02:45:00,iso_space,high,
EDR000421,2026-03-13 18:01:41,D0189,U0162,Suspicious Process,python.exe,LOW,Closed,FALSE_POSITIVE,2026-03-13 18:01:41,iso_space,low,
EDR001274,2026-03-11 04:39:00,D0081,U0126,Suspicious Process,backup_agent.exe,HIGH,Closed,FALSE_POSITIVE,2026-03-11 04:39:00,iso_space,HIGH,
EDR001547,2026-03-11 18:18:00,D0024,U0099,Suspicious Process,backup_agent.exe,HIGH,Closed,FALSE_POSITIVE,2026-03-11 18:18:00,iso_space,HIGH,
EDR001346,2026-03-11 08:15:00,D0075,U0376,Suspicious Process,backup_agent.exe,HIGH,Closed,FALSE_POSITIVE,2026-03-11 08:15:00,iso_space,high,
EDR000871,2026-03-11 10:37:58,D0102,U0319,PUP Detected,sccm_client.exe,MEDIUM,Closed,FALSE_POSITIVE,2026-03-11T10:37:58Z,iso_z,medium,
EDR000389,2026-03-09 17:56:04,D0012,U0217,Unusual Network,antivirus_update.exe,LOW,Open,FALSE_POSITIVE,2026-03-09 17:56:04,iso_space,Low,
EDR000406,2026-03-06 15:27:58,D0185,U0167,PUP Detected,sccm_client.exe,HIGH,In Progress,FALSE_POSITIVE,2026-03-06 15:27:58,iso_space,high,
EDR001058,2026-03-22 09:35:35,D0023,U0313,Unusual Network,teams.exe,HIGH,Closed,FALSE_POSITIVE,2026-03-22 09:35:35,iso_space,high,
EDR001186,2026-03-11 00:15:00,D0005,U0367,Suspicious Process,backup_agent.exe,HIGH,Closed,FALSE_POSITIVE,2026-03-11 00:15:00,iso_space,High,
EDR000728,2026-03-13 11:00:37,D0103,U0148,Unusual Network,antivirus_update.exe,MEDIUM,In Progress,FALSE_POSITIVE,2026-03-13 11:00:37,iso_space,medium,
EDR000045,2026-03-04 19:10:11,D0089,U0123,PUP Detected,sccm_client.exe,HIGH,In Progress,,2026-03-04 19:10:11,iso_space,high,MISSING_ANALYST_DECISION
EDR001260,2026-03-11 03:57:00,D0186,U0079,Suspicious Process,backup_agent.exe,HIGH,Closed,FALSE_POSITIVE,2026-03-11 03:57:00,iso_space,HIGH,
EDR001820,2026-03-17 03:30:00,D0011,U0113,Persistence Attempt,rundll32.exe,CRITICAL,Open,TRUE_POSITIVE,2026-03-17 03:30:00,iso_space,Critical,
EDR001144,2026-03-05 18:40:22,D0171,U0099,Unusual Network,antivirus_update.exe,HIGH,In Progress,FALSE_POSITIVE,2026-03-05 18:40:22,iso_space,high,
EDR000375,2026-03-14 10:45:04,D0184,U0375,Unusual Network,chrome.exe,LOW,Open,FALSE_POSITIVE,2026-03-14 10:45:04,iso_space,low,
EDR000024,2026-03-10 11:09:44,D0196,U0118,Unusual Network,teams.exe,LOW,Open,FALSE_POSITIVE,2026-03-10 11:09:44,iso_space,Low,
EDR001587,2026-03-17 19:51:36,D0056,U0384,Persistence Attempt,mimikatz.exe,CRITICAL,Closed,FALSE_POSITIVE,2026-03-17 19:51:36,iso_space,CRITICAL,
EDR000873,2026-03-13 14:30:26,D0028,U0267,PUP Detected,python.exe,MEDIUM,In Progress,FALSE_POSITIVE,2026-03-13T14:30:26Z,iso_z,Medium,
EDR001607,2026-03-08 12:59:16,D0025,U0287,Unusual Network,rundll32.exe,MEDIUM,Open,NEEDS_INVESTIGATION,2026-03-08 12:59:16,iso_space,medium,
EDR000462,2026-03-19 17:03:17,D0144,U0177,Unusual Network,sccm_client.exe,LOW,Open,FALSE_POSITIVE,2026-03-19 17:03:17,iso_space,Low,
EDR000276,2026-03-13 14:14:25,D0168,U0348,Suspicious Process,chrome.exe,MEDIUM,Open,FALSE_POSITIVE,2026-03-13 14:14:25,iso_space,medium,
EDR000527,2026-03-22 11:44:35,D0018,U0184,Unusual Network,antivirus_update.exe,MEDIUM,In Progress,FALSE_POSITIVE,2026-03-22 11:44:35,iso_space,MEDIUM,
EDR001625,2026-03-05 08:39:34,D0067,U0341,PowerShell Abuse,teams.exe,HIGH,In Progress,NEEDS_INVESTIGATION,2026-03-05T08:39:34Z,iso_z,HIGH,
EDR000200,2026-03-08 16:10:41,D0188,U0239,Unusual Network,outlook.exe,LOW,Open,FALSE_POSITIVE,2026-03-08T16:10:41Z,iso_z,low,
EDR000528,2026-03-02 14:18:27,D0031,U0210,PUP Detected,chrome.exe,HIGH,Closed,FALSE_POSITIVE,2026-03-02T14:18:27Z,iso_z,HIGH,
EDR000882,2026-03-18 12:26:12,D0094,U0110,Suspicious Process,sccm_client.exe,MEDIUM,Open,,2026-03-18 12:26:12,iso_space,MEDIUM,MISSING_ANALYST_DECISION
EDR001680,2026-03-20 18:45:26,D0062,U0232,Suspicious Process,rundll32.exe,HIGH,Open,NEEDS_INVESTIGATION,2026-03-20 18:45:26,iso_space,HIGH,
EDR001486,2026-03-11 15:15:00,D0174,U0172,Suspicious Process,backup_agent.exe,HIGH,Closed,FALSE_POSITIVE,2026-03-11 15:15:00,iso_space,high,
EDR000458,2026-03-04 19:05:20,D0186,U0214,Unusual Network,sccm_client.exe,MEDIUM,Closed,FALSE_POSITIVE,2026-03-04T19:05:20Z,iso_z,medium,
EDR001731,2026-03-09 09:12:52,D0014,U0239,Credential Access,rundll32.exe,CRITICAL,Closed,TRUE_POSITIVE,2026-03-09 09:12:52,iso_space,CRITICAL,
EDR000764,2026-03-10 18:54:53,D0071,U0128,Suspicious Process,antivirus_update.exe,MEDIUM,In Progress,FALSE_POSITIVE,2026-03-10 18:54:53,iso_space,medium,
EDR001155,2026-03-08 19:46:43,D0128,U0191,Suspicious Process,outlook.exe,LOW,In Progress,FALSE_POSITIVE,2026-03-08 19:46:43,iso_space,low,
EDR000033,2026-03-09 17:18:04,D0005,U0232,Suspicious Process,sccm_client.exe,MEDIUM,Open,FALSE_POSITIVE,2026-03-09 17:18:04,iso_space,MEDIUM,
EDR000568,2026-03-08 11:13:19,D0193,U0022,Suspicious Process,chrome.exe,MEDIUM,In Progress,FALSE_POSITIVE,2026-03-08 11:13:19,iso_space,MEDIUM,
EDR001706,2026-03-09 15:30:41,D0167,U0362,Suspicious Process,sccm_client.exe,HIGH,In Progress,NEEDS_INVESTIGATION,2026-03-09 15:30:41,iso_space,HIGH,
EDR001832,2026-03-21 08:58:35,D9003,U0288,PowerShell Abuse,cryptolock.exe,CRITICAL,Closed,FALSE_POSITIVE,2026-03-21 08:58:35,iso_space,CRITICAL,UNKNOWN_DEVICE_REF
EDR001312,2026-03-11 06:33:00,D0186,U0205,Suspicious Process,backup_agent.exe,HIGH,Closed,FALSE_POSITIVE,2026-03-11 06:33:00,iso_space,High,
EDR000712,2026-03-12 08:44:39,D0182,U0287,Suspicious Process,inventory_scan.exe,MEDIUM,In Progress,FALSE_POSITIVE,2026-03-12 08:44:39,iso_space,Medium,
EDR001421,2026-03-11 12:00:00,D0058,U0318,Suspicious Process,backup_agent.exe,HIGH,Closed,FALSE_POSITIVE,2026-03-11 12:00:00,iso_space,High,
EDR000478,2026-03-18 18:50:55,D0085,U0127,Suspicious Process,chrome.exe,MEDIUM,Closed,FALSE_POSITIVE,2026-03-18T18:50:55Z,iso_z,medium,
EDR000653,2026-03-15 15:52:26,D0115,U0118,Suspicious Process,antivirus_update.exe,HIGH,Closed,FALSE_POSITIVE,2026-03-15T15:52:26Z,iso_z,High,
EDR001734,2026-03-04 10:50:55,D0017,U0088,Persistence Attempt,powershell_enc.exe,HIGH,Closed,TRUE_POSITIVE,2026-03-04 10:50:55,iso_space,HIGH,
EDR000394,2026-03-20 09:29:38,D0155,U0199,PUP Detected,inventory_scan.exe,MEDIUM,Open,FALSE_POSITIVE,2026-03-20T09:29:38Z,iso_z,medium,
EDR000305,2026-03-11 11:39:26,D0109,U0323,Suspicious Process,outlook.exe,MEDIUM,In Progress,FALSE_POSITIVE,2026-03-11T11:39:26Z,iso_z,Medium,
EDR000755,2026-03-02 14:39:18,D0111,U0200,Unusual Network,inventory_scan.exe,HIGH,In Progress,FALSE_POSITIVE,2026-03-02 14:39:18,iso_space,High,
EDR000852,2026-03-20 11:59:54,D0154,U0355,Suspicious Process,antivirus_update.exe,MEDIUM,Open,FALSE_POSITIVE,2026-03-20 11:59:54,iso_space,MEDIUM,
EDR001612,2026-03-11 13:03:06,D0028,U0196,Credential Access,sccm_client.exe,CRITICAL,In Progress,NEEDS_INVESTIGATION,2026-03-11 13:03:06,iso_space,CRITICAL,
EDR000285,2026-03-10 12:34:01,D0133,U0077,PUP Detected,chrome.exe,LOW,In Progress,,2026-03-10 12:34:01,iso_space,Low,MISSING_ANALYST_DECISION
EDR000685,2026-03-07 08:24:15,D0005,U0163,PUP Detected,outlook.exe,HIGH,Open,,2026-03-07 08:24:15,iso_space,High,MISSING_ANALYST_DECISION
EDR000443,2026-03-22 09:56:31,D0110,U0346,Unusual Network,chrome.exe,LOW,In Progress,,2026-03-22 09:56:31,iso_space,Low,MISSING_ANALYST_DECISION
EDR001227,2026-03-11 02:18:00,D0107,U0339,Suspicious Process,backup_agent.exe,HIGH,Closed,FALSE_POSITIVE,2026-03-11 02:18:00,iso_space,HIGH,
EDR000569,2026-03-15 18:09:12,D0087,U0158,Unusual Network,teams.exe,HIGH,Closed,FALSE_POSITIVE,2026-03-15 18:09:12,iso_space,HIGH,
EDR001741,2026-03-04 13:51:52,D0180,U0072,PowerShell Abuse,cryptolock.exe,HIGH,Closed,TRUE_POSITIVE,2026-03-04 13:51:52,iso_space,high,
EDR000893,2026-03-19 14:09:21,D0054,U0021,Unusual Network,chrome.exe,LOW,Closed,FALSE_POSITIVE,2026-03-19 14:09:21,iso_space,low,
EDR000232,2026-03-03 12:46:47,D0096,U0126,Suspicious Process,outlook.exe,LOW,Closed,FALSE_POSITIVE,2026-03-03 12:46:47,iso_space,LOW,
EDR000112,2026-03-14 18:04:04,D0116,U0047,Suspicious Process,teams.exe,HIGH,Closed,FALSE_POSITIVE,2026-03-14T18:04:04Z,iso_z,high,
EDR000567,2026-03-07 16:10:30,D0080,U0069,PUP Detected,outlook.exe,LOW,Closed,FALSE_POSITIVE,2026-03-07 16:10:30,iso_space,low,
EDR000360,2026-03-18 10:59:23,D0183,U0245,Suspicious Process,inventory_scan.exe,LOW,In Progress,,2026-03-18 10:59:23,iso_space,low,MISSING_ANALYST_DECISION
EDR000900,2026-03-12 17:49:13,D0065,U0275,PUP Detected,outlook.exe,HIGH,Closed,FALSE_POSITIVE,2026-03-12 17:49:13,iso_space,HIGH,
EDR001149,2026-03-16 14:39:56,D0141,U0225,Suspicious Process,teams.exe,HIGH,Closed,FALSE_POSITIVE,2026-03-16 14:39:56,iso_space,HIGH,
EDR000781,2026-03-10 14:54:33,D0192,U0159,Suspicious Process,antivirus_update.exe,MEDIUM,In Progress,FALSE_POSITIVE,2026-03-10 14:54:33,iso_space,Medium,
EDR000483,2026-03-17 12:05:24,D0114,U0183,PUP Detected,inventory_scan.exe,MEDIUM,Closed,FALSE_POSITIVE,2026-03-17T12:05:24Z,iso_z,MEDIUM,
EDR001297,2026-03-11 05:48:00,D0098,U0201,Suspicious Process,backup_agent.exe,HIGH,Closed,FALSE_POSITIVE,2026-03-11T05:48:00Z,iso_z,High,
EDR000945,2026-03-18 14:49:07,D0009,U0303,Unusual Network,antivirus_update.exe,HIGH,In Progress,,2026-03-18 14:49:07,iso_space,High,MISSING_ANALYST_DECISION
EDR001179,2026-03-18 09:21:05,D0135,U0064,Suspicious Process,teams.exe,LOW,Closed,FALSE_POSITIVE,2026-03-18 09:21:05,iso_space,Low,
EDR001766,2026-03-16 08:38:08,D0104,U0040,Credential Access,mimikatz.exe,CRITICAL,Closed,TRUE_POSITIVE,2026-03-16 08:38:08,iso_space,critical,
EDR000023,2026-03-03 13:55:35,D0094,U0341,PUP Detected,python.exe,MEDIUM,In Progress,FALSE_POSITIVE,2026-03-03 13:55:35,iso_space,MEDIUM,
EDR000975,2026-03-22 08:09:34,D0200,U0082,Unusual Network,antivirus_update.exe,LOW,Open,FALSE_POSITIVE,2026-03-22T08:09:34Z,iso_z,low,
EDR001196,2026-03-11 00:45:00,D0192,U0327,Suspicious Process,backup_agent.exe,HIGH,Closed,FALSE_POSITIVE,2026-03-11T00:45:00Z,iso_z,high,
EDR001709,2026-03-06 08:53:47,D0092,U0247,Credential Access,powershell_enc.exe,MEDIUM,In Progress,NEEDS_INVESTIGATION,2026-03-06T08:53:47Z,iso_z,MEDIUM,
EDR001125,2026-03-07 16:53:34,D0092,U0318,Unusual Network,sccm_client.exe,HIGH,Closed,FALSE_POSITIVE,2026-03-07T16:53:34Z,iso_z,High,
EDR000879,2026-03-07 10:44:17,D0199,U0363,PUP Detected,chrome.exe,MEDIUM,Closed,FALSE_POSITIVE,2026-03-07T10:44:17Z,iso_z,Medium,
EDR001348,2026-03-11 08:21:00,D0108,U0084,Suspicious Process,backup_agent.exe,HIGH,Closed,FALSE_POSITIVE,2026-03-11 08:21:00,iso_space,High,
EDR000634,2026-03-08 12:34:36,D0122,U0042,Suspicious Process,antivirus_update.exe,LOW,In Progress,FALSE_POSITIVE,2026-03-08 12:34:36,iso_space,Low,
EDR000173,2026-03-19 11:48:09,D0002,U0179,Unusual Network,antivirus_update.exe,MEDIUM,Closed,FALSE_POSITIVE,2026-03-19 11:48:09,iso_space,MEDIUM,
EDR000058,2026-03-18 18:54:30,D0112,U0178,Unusual Network,chrome.exe,MEDIUM,In Progress,FALSE_POSITIVE,2026-03-18 18:54:30,iso_space,Medium,
EDR000601,2026-03-10 18:13:51,D0034,U0298,Suspicious Process,inventory_scan.exe,LOW,In Progress,FALSE_POSITIVE,2026-03-10 18:13:51,iso_space,LOW,
EDR001434,2026-03-11 12:39:00,D0019,U0320,Suspicious Process,backup_agent.exe,HIGH,Closed,FALSE_POSITIVE,2026-03-11 12:39:00,iso_space,high,
EDR000401,2026-03-12 19:39:25,D0131,U0252,Unusual Network,teams.exe,LOW,In Progress,FALSE_POSITIVE,2026-03-12 19:39:25,iso_space,Low,
EDR000029,2026-03-15 09:32:19,D0142,U0244,Unusual Network,teams.exe,HIGH,In Progress,FALSE_POSITIVE,2026-03-15T09:32:19Z,iso_z,high,
EDR001713,2026-03-19 08:53:20,D0167,U0107,Unusual Network,sccm_client.exe,HIGH,Open,NEEDS_INVESTIGATION,2026-03-19 08:53:20,iso_space,high,
EDR000057,2026-03-12 14:21:46,D0161,U0052,Unusual Network,teams.exe,LOW,In Progress,FALSE_POSITIVE,2026-03-12T14:21:46Z,iso_z,Low,
EDR000048,2026-03-06 17:13:44,D0193,U0344,Unusual Network,antivirus_update.exe,HIGH,Open,FALSE_POSITIVE,2026-03-06T17:13:44Z,iso_z,high,
EDR001504,2026-03-11 16:09:00,D0140,U0041,Suspicious Process,backup_agent.exe,HIGH,Closed,FALSE_POSITIVE,2026-03-11 16:09:00,iso_space,HIGH,
EDR001791,2026-03-12 03:15:00,D0003,U0007,Credential Access,powershell_enc.exe,CRITICAL,Open,TRUE_POSITIVE,2026-03-12 03:15:00,iso_space,CRITICAL,
EDR001850,2026-03-02 13:04:36,D9001,U0260,Suspicious Process,inventory_scan.exe,CRITICAL,Open,NEEDS_INVESTIGATION,2026-03-02 13:04:36,iso_space,Critical,UNKNOWN_DEVICE_REF
EDR000502,2026-03-07 13:00:15,D0039,U0200,Suspicious Process,python.exe,MEDIUM,Open,,2026-03-07 13:00:15,iso_space,Medium,MISSING_ANALYST_DECISION
EDR000277,2026-03-09 19:50:04,D0005,U0184,PUP Detected,inventory_scan.exe,HIGH,Open,FALSE_POSITIVE,2026-03-09 19:50:04,iso_space,HIGH,
EDR001213,2026-03-11 01:36:00,D0098,U0237,Suspicious Process,backup_agent.exe,HIGH,Closed,FALSE_POSITIVE,2026-03-11 01:36:00,iso_space,HIGH,
EDR000501,2026-03-20 18:10:58,D0030,U0205,PUP Detected,antivirus_update.exe,HIGH,Open,FALSE_POSITIVE,2026-03-20 18:10:58,iso_space,High,
EDR000584,2026-03-13 19:20:38,D0189,U0120,PUP Detected,outlook.exe,HIGH,In Progress,FALSE_POSITIVE,2026-03-13 19:20:38,iso_space,HIGH,
EDR001725,2026-03-17 08:19:06,D0006,U0363,Credential Access,rundll32.exe,HIGH,In Progress,NEEDS_INVESTIGATION,2026-03-17T08:19:06Z,iso_z,High,
EDR000270,2026-03-08 09:15:48,D0141,U0292,PUP Detected,antivirus_update.exe,LOW,In Progress,FALSE_POSITIVE,2026-03-08T09:15:48Z,iso_z,low,
EDR000628,2026-03-17 15:04:28,D0070,U0389,PUP Detected,chrome.exe,HIGH,In Progress,FALSE_POSITIVE,2026-03-17 15:04:28,iso_space,High,
EDR000370,2026-03-18 18:15:59,D0139,U0023,PUP Detected,sccm_client.exe,MEDIUM,Closed,FALSE_POSITIVE,2026-03-18 18:15:59,iso_space,medium,
EDR001296,2026-03-11 05:45:00,D0189,U0046,Suspicious Process,backup_agent.exe,HIGH,Closed,FALSE_POSITIVE,2026-03-11T05:45:00Z,iso_z,high,
EDR000363,2026-03-06 16:54:46,D0046,U0110,PUP Detected,chrome.exe,LOW,Closed,FALSE_POSITIVE,2026-03-06 16:54:46,iso_space,low,
EDR000438,2026-03-20 14:27:13,D0194,U0042,Suspicious Process,teams.exe,HIGH,Open,FALSE_POSITIVE,2026-03-20T14:27:13Z,iso_z,high,
EDR000985,2026-03-15 08:47:26,D0126,U0280,Unusual Network,inventory_scan.exe,LOW,Closed,FALSE_POSITIVE,2026-03-15 08:47:26,iso_space,low,
EDR001752,2026-03-10 12:14:39,D0081,U0217,Persistence Attempt,powershell_enc.exe,CRITICAL,Closed,,2026-03-10 12:14:39,iso_space,CRITICAL,MISSING_ANALYST_DECISION
EDR000885,2026-03-14 08:00:46,D0026,U0061,Suspicious Process,sccm_client.exe,LOW,In Progress,FALSE_POSITIVE,2026-03-14 08:00:46,iso_space,low,
EDR000402,2026-03-13 09:35:24,D0166,U0373,Suspicious Process,sccm_client.exe,LOW,In Progress,FALSE_POSITIVE,2026-03-13 09:35:24,iso_space,LOW,
EDR000043,2026-03-08 18:34:40,D0071,U0137,PUP Detected,chrome.exe,MEDIUM,In Progress,FALSE_POSITIVE,2026-03-08 18:34:40,iso_space,Medium,
EDR000425,2026-03-13 09:22:48,D0190,U0016,Unusual Network,python.exe,LOW,Open,FALSE_POSITIVE,2026-03-13 09:22:48,iso_space,low,
EDR001535,2026-03-11 17:42:00,D0091,U0046,Suspicious Process,backup_agent.exe,HIGH,Closed,FALSE_POSITIVE,2026-03-11 17:42:00,iso_space,HIGH,
EDR000642,2026-03-11 18:29:33,D0014,U0254,Unusual Network,teams.exe,LOW,Open,FALSE_POSITIVE,2026-03-11 18:29:33,iso_space,LOW,
EDR000062,2026-03-09 19:39:38,D0026,U0202,PUP Detected,sccm_client.exe,MEDIUM,Closed,FALSE_POSITIVE,2026-03-09 19:39:38,iso_space,Medium,
EDR001133,2026-03-08 15:22:33,D0024,U0113,PUP Detected,sccm_client.exe,LOW,Closed,FALSE_POSITIVE,2026-03-08T15:22:33Z,iso_z,low,
EDR000338,2026-03-11 19:56:58,D0027,U0311,Unusual Network,chrome.exe,LOW,In Progress,FALSE_POSITIVE,2026-03-11 19:56:58,iso_space,Low,
EDR000848,2026-03-09 16:31:53,D0033,U0139,PUP Detected,teams.exe,HIGH,In Progress,FALSE_POSITIVE,2026-03-09T16:31:53Z,iso_z,High,
EDR001124,2026-03-12 16:00:25,D0052,U0192,Suspicious Process,outlook.exe,MEDIUM,Open,FALSE_POSITIVE,2026-03-12 16:00:25,iso_space,Medium,
EDR000826,2026-03-19 11:47:02,D0177,U0049,Suspicious Process,inventory_scan.exe,HIGH,In Progress,FALSE_POSITIVE,2026-03-19 11:47:02,iso_space,High,
EDR000679,2026-03-10 18:44:05,D0116,U0309,PUP Detected,outlook.exe,LOW,Closed,FALSE_POSITIVE,2026-03-10 18:44:05,iso_space,LOW,
EDR001622,2026-03-20 08:55:07,D0012,U0114,Suspicious Process,antivirus_update.exe,HIGH,In Progress,NEEDS_INVESTIGATION,2026-03-20T08:55:07Z,iso_z,high,
EDR001683,2026-03-22 11:12:34,D0194,U0248,Suspicious Process,chrome.exe,CRITICAL,In Progress,,2026-03-22T11:12:34Z,iso_z,CRITICAL,MISSING_ANALYST_DECISION
EDR001445,2026-03-11 13:12:00,D0043,U0182,Suspicious Process,backup_agent.exe,HIGH,Closed,FALSE_POSITIVE,2026-03-11T13:12:00Z,iso_z,High,
EDR001827,2026-03-09 12:23:34,D9004,U0321,Suspicious Process,inventory_scan.exe,MEDIUM,Open,NEEDS_INVESTIGATION,2026-03-09 12:23:34,iso_space,MEDIUM,UNKNOWN_DEVICE_REF
EDR001188,2026-03-11 00:21:00,D0182,U0370,Suspicious Process,backup_agent.exe,HIGH,Closed,FALSE_POSITIVE,2026-03-11 00:21:00,iso_space,high,
EDR000868,2026-03-10 15:36:50,D0037,U0088,Unusual Network,inventory_scan.exe,MEDIUM,Closed,,2026-03-10 15:36:50,iso_space,MEDIUM,MISSING_ANALYST_DECISION
EDR000649,2026-03-22 10:18:39,D0081,U0072,Unusual Network,antivirus_update.exe,HIGH,In Progress,FALSE_POSITIVE,2026-03-22 10:18:39,iso_space,high,
EDR001218,2026-03-11 01:51:00,D0028,U0229,Suspicious Process,backup_agent.exe,HIGH,Closed,FALSE_POSITIVE,2026-03-11 01:51:00,iso_space,high,
EDR001364,2026-03-11 09:09:00,D0025,U0197,Suspicious Process,backup_agent.exe,HIGH,Closed,FALSE_POSITIVE,2026-03-11 09:09:00,iso_space,high,
EDR000521,2026-03-10 17:28:05,D0018,U0258,Unusual Network,outlook.exe,LOW,In Progress,FALSE_POSITIVE,2026-03-10 17:28:05,iso_space,Low,
EDR000014,2026-03-17 09:37:33,D0196,U0386,Suspicious Process,antivirus_update.exe,HIGH,In Progress,FALSE_POSITIVE,2026-03-17T09:37:33Z,iso_z,HIGH,
EDR001853,2026-03-11 13:02:54,D9005,U0315,Suspicious Process,chrome.exe,CRITICAL,Open,,2026-03-11T13:02:54Z,iso_z,critical,MISSING_ANALYST_DECISION;UNKNOWN_DEVICE_REF
EDR000068,2026-03-19 16:09:16,D0038,U0217,Suspicious Process,inventory_scan.exe,HIGH,In Progress,FALSE_POSITIVE,2026-03-19 16:09:16,iso_space,high,
EDR000101,2026-03-21 19:10:27,D0082,U0298,Unusual Network,teams.exe,MEDIUM,Closed,FALSE_POSITIVE,2026-03-21 19:10:27,iso_space,Medium,
EDR000809,2026-03-02 13:40:51,D0159,U0113,PUP Detected,inventory_scan.exe,LOW,Open,FALSE_POSITIVE,2026-03-02T13:40:51Z,iso_z,LOW,
EDR001310,2026-03-11 06:27:00,D0024,U0062,Suspicious Process,backup_agent.exe,HIGH,Closed,FALSE_POSITIVE,2026-03-11 06:27:00,iso_space,HIGH,
EDR000118,2026-03-20 18:53:11,D0199,U0240,PUP Detected,outlook.exe,HIGH,In Progress,,2026-03-20 18:53:11,iso_space,high,MISSING_ANALYST_DECISION
EDR001761,2026-03-02 09:15:29,D0025,U0354,Malware Signature,psexec.exe,HIGH,Closed,TRUE_POSITIVE,2026-03-02 09:15:29,iso_space,high,
EDR001315,2026-03-11 06:42:00,D0087,U0278,Suspicious Process,backup_agent.exe,HIGH,Closed,FALSE_POSITIVE,2026-03-11 06:42:00,iso_space,HIGH,
EDR000230,2026-03-09 19:08:53,D0155,U0365,Suspicious Process,outlook.exe,LOW,Open,FALSE_POSITIVE,2026-03-09T19:08:53Z,iso_z,Low,
EDR001358,2026-03-11 08:51:00,D0170,U0194,Suspicious Process,backup_agent.exe,HIGH,Closed,FALSE_POSITIVE,2026-03-11T08:51:00Z,iso_z,high,
EDR000042,2026-03-07 17:04:09,D0115,U0191,Suspicious Process,chrome.exe,LOW,Open,,2026-03-07 17:04:09,iso_space,Low,MISSING_ANALYST_DECISION
EDR001277,2026-03-11 04:48:00,D0028,U0172,Suspicious Process,backup_agent.exe,HIGH,Closed,FALSE_POSITIVE,2026-03-11 04:48:00,iso_space,HIGH,
EDR000457,2026-03-22 12:10:45,D0121,U0069,PUP Detected,inventory_scan.exe,HIGH,Closed,FALSE_POSITIVE,2026-03-22 12:10:45,iso_space,high,
EDR001305,2026-03-11 06:12:00,D0002,U0077,Suspicious Process,backup_agent.exe,HIGH,Closed,FALSE_POSITIVE,2026-03-11 06:12:00,iso_space,HIGH,
EDR000405,2026-03-18 08:47:57,D0145,U0178,Unusual Network,sccm_client.exe,MEDIUM,Open,FALSE_POSITIVE,2026-03-18T08:47:57Z,iso_z,MEDIUM,
EDR001397,2026-03-11 10:48:00,D0061,U0040,Suspicious Process,backup_agent.exe,HIGH,Closed,FALSE_POSITIVE,2026-03-11 10:48:00,iso_space,High,
EDR001560,2026-03-11 18:57:00,D0152,U0205,Suspicious Process,backup_agent.exe,HIGH,Closed,FALSE_POSITIVE,2026-03-11T18:57:00Z,iso_z,HIGH,
EDR000378,2026-03-15 12:50:55,D0166,U0267,Unusual Network,teams.exe,LOW,Open,FALSE_POSITIVE,2026-03-15 12:50:55,iso_space,Low,
EDR001837,2026-03-22 15:58:24,D9005,U0012,PUP Detected,sccm_client.exe,HIGH,Open,NEEDS_INVESTIGATION,2026-03-22 15:58:24,iso_space,High,UNKNOWN_DEVICE_REF
EDR000001,2026-03-12 08:30:31,D0080,U0333,PUP Detected,chrome.exe,LOW,Closed,FALSE_POSITIVE,2026-03-12 08:30:31,iso_space,low,
EDR001318,2026-03-11 06:51:00,D0052,U0230,Suspicious Process,backup_agent.exe,HIGH,Closed,FALSE_POSITIVE,2026-03-11T06:51:00Z,iso_z,high,
EDR001340,2026-03-11 07:57:00,D0070,U0307,Suspicious Process,backup_agent.exe,HIGH,Closed,FALSE_POSITIVE,2026-03-11T07:57:00Z,iso_z,High,
EDR000666,2026-03-22 15:29:01,D0189,U0289,Unusual Network,teams.exe,MEDIUM,In Progress,FALSE_POSITIVE,2026-03-22 15:29:01,iso_space,medium,
EDR000763,2026-03-02 08:17:01,D0077,U0001,Suspicious Process,chrome.exe,MEDIUM,In Progress,FALSE_POSITIVE,2026-03-02 08:17:01,iso_space,Medium,
EDR000596,2026-03-05 12:34:15,D0195,U0014,Unusual Network,antivirus_update.exe,HIGH,Open,FALSE_POSITIVE,2026-03-05 12:34:15,iso_space,High,
EDR000127,2026-03-11 08:35:11,D0094,U0285,Suspicious Process,antivirus_update.exe,LOW,Open,FALSE_POSITIVE,2026-03-11T08:35:11Z,iso_z,Low,
EDR000878,2026-03-02 14:13:11,D0141,U0191,Suspicious Process,chrome.exe,LOW,Closed,FALSE_POSITIVE,2026-03-02T14:13:11Z,iso_z,LOW,
EDR001168,2026-03-22 11:13:25,D0065,U0160,PUP Detected,chrome.exe,MEDIUM,Closed,FALSE_POSITIVE,2026-03-22 11:13:25,iso_space,medium,
EDR000940,2026-03-09 18:06:40,D0088,U0381,Unusual Network,python.exe,LOW,In Progress,FALSE_POSITIVE,2026-03-09 18:06:40,iso_space,low,
EDR000229,2026-03-06 08:52:35,D0177,U0146,PUP Detected,inventory_scan.exe,HIGH,In Progress,FALSE_POSITIVE,2026-03-06 08:52:35,iso_space,high,
EDR001250,2026-03-11 03:27:00,D0043,U0302,Suspicious Process,backup_agent.exe,HIGH,Closed,FALSE_POSITIVE,2026-03-11 03:27:00,iso_space,High,
EDR001644,2026-03-18 12:42:53,D0034,U0250,Unusual Network,rundll32.exe,CRITICAL,Closed,FALSE_POSITIVE,2026-03-18 12:42:53,iso_space,CRITICAL,
EDR001467,2026-03-11 14:18:00,D0023,U0007,Suspicious Process,backup_agent.exe,HIGH,Closed,FALSE_POSITIVE,2026-03-11 14:18:00,iso_space,HIGH,
EDR000856,2026-03-13 19:12:53,D0051,U0266,Unusual Network,sccm_client.exe,LOW,In Progress,FALSE_POSITIVE,2026-03-13 19:12:53,iso_space,LOW,
EDR000497,2026-03-12 17:41:14,D0155,U0074,Suspicious Process,sccm_client.exe,LOW,Closed,FALSE_POSITIVE,2026-03-12 17:41:14,iso_space,low,
EDR001765,2026-03-17 12:12:43,D0133,U0074,Persistence Attempt,cryptolock.exe,CRITICAL,Closed,TRUE_POSITIVE,2026-03-17 12:12:43,iso_space,Critical,
EDR000650,2026-03-03 17:19:52,D0019,U0003,Unusual Network,teams.exe,HIGH,Closed,FALSE_POSITIVE,2026-03-03 17:19:52,iso_space,High,
EDR000660,2026-03-07 13:33:10,D0169,U0355,PUP Detected,chrome.exe,HIGH,Open,FALSE_POSITIVE,2026-03-07T13:33:10Z,iso_z,HIGH,
EDR000191,2026-03-19 18:36:54,D0013,U0115,Suspicious Process,inventory_scan.exe,HIGH,Open,FALSE_POSITIVE,2026-03-19T18:36:54Z,iso_z,HIGH,
EDR000550,2026-03-10 18:14:49,D0008,U0012,Unusual Network,teams.exe,LOW,Closed,FALSE_POSITIVE,2026-03-10 18:14:49,iso_space,LOW,
EDR001792,2026-03-12 03:18:00,D0003,U0007,Credential Access,rundll32.exe,CRITICAL,In Progress,NEEDS_INVESTIGATION,2026-03-12 03:18:00,iso_space,CRITICAL,
EDR000803,2026-03-14 18:12:45,D0198,U0187,Suspicious Process,inventory_scan.exe,LOW,In Progress,FALSE_POSITIVE,2026-03-14 18:12:45,iso_space,Low,
EDR000701,2026-03-14 12:55:09,D0004,U0290,Unusual Network,chrome.exe,LOW,In Progress,FALSE_POSITIVE,2026-03-14 12:55:09,iso_space,low,
EDR001559,2026-03-11 18:54:00,D0185,U0232,Suspicious Process,backup_agent.exe,HIGH,Closed,FALSE_POSITIVE,2026-03-11T18:54:00Z,iso_z,HIGH,
EDR000178,2026-03-16 14:31:29,D0033,U0168,PUP Detected,sccm_client.exe,LOW,In Progress,FALSE_POSITIVE,2026-03-16 14:31:29,iso_space,low,
EDR000832,2026-03-22 10:19:33,D0130,U0389,Suspicious Process,antivirus_update.exe,HIGH,In Progress,FALSE_POSITIVE,2026-03-22 10:19:33,iso_space,High,
EDR001701,2026-03-08 14:47:55,D0051,U0201,Unusual Network,python.exe,HIGH,Open,NEEDS_INVESTIGATION,2026-03-08T14:47:55Z,iso_z,HIGH,
EDR001517,2026-03-11 16:48:00,D0186,U0364,Suspicious Process,backup_agent.exe,HIGH,Closed,FALSE_POSITIVE,2026-03-11 16:48:00,iso_space,HIGH,
EDR000869,2026-03-14 19:33:56,D0039,U0296,Unusual Network,inventory_scan.exe,LOW,In Progress,FALSE_POSITIVE,2026-03-14T19:33:56Z,iso_z,LOW,
EDR000944,2026-03-22 08:01:26,D0050,U0150,PUP Detected,teams.exe,LOW,Closed,FALSE_POSITIVE,2026-03-22 08:01:26,iso_space,LOW,
EDR000726,2026-03-12 14:23:49,D0067,U0109,Unusual Network,inventory_scan.exe,LOW,Closed,FALSE_POSITIVE,2026-03-12 14:23:49,iso_space,LOW,
EDR001167,2026-03-17 09:16:06,D0011,U0234,Suspicious Process,python.exe,HIGH,In Progress,FALSE_POSITIVE,2026-03-17 09:16:06,iso_space,high,
EDR000780,2026-03-06 09:17:54,D0124,U0137,Suspicious Process,outlook.exe,HIGH,Closed,FALSE_POSITIVE,2026-03-06 09:17:54,iso_space,HIGH,
EDR001682,2026-03-14 17:14:37,D0058,U0231,Ransomware Behaviour,inventory_scan.exe,LOW,Open,,2026-03-14T17:14:37Z,iso_z,Low,MISSING_ANALYST_DECISION
EDR000800,2026-03-15 15:03:56,D0139,U0313,Unusual Network,inventory_scan.exe,LOW,In Progress,FALSE_POSITIVE,2026-03-15T15:03:56Z,iso_z,LOW,
EDR000132,2026-03-04 19:52:37,D0016,U0152,Unusual Network,teams.exe,LOW,Open,FALSE_POSITIVE,2026-03-04 19:52:37,iso_space,Low,
EDR001444,2026-03-11 13:09:00,D0028,U0237,Suspicious Process,backup_agent.exe,HIGH,Closed,FALSE_POSITIVE,2026-03-11T13:09:00Z,iso_z,High,
EDR001633,2026-03-20 09:18:58,D0110,U0096,Malware Signature,teams.exe,MEDIUM,In Progress,NEEDS_INVESTIGATION,2026-03-20 09:18:58,iso_space,medium,
EDR001687,2026-03-05 13:59:17,D0080,U0082,Malware Signature,chrome.exe,LOW,In Progress,NEEDS_INVESTIGATION,2026-03-05 13:59:17,iso_space,Low,
EDR001035,2026-03-14 11:48:37,D0200,U0064,Unusual Network,outlook.exe,HIGH,Closed,FALSE_POSITIVE,2026-03-14T11:48:37Z,iso_z,High,
EDR000005,2026-03-06 09:28:55,D0142,U0185,Suspicious Process,sccm_client.exe,HIGH,Open,FALSE_POSITIVE,2026-03-06 09:28:55,iso_space,High,
EDR000281,2026-03-16 17:33:22,D0051,U0072,Suspicious Process,antivirus_update.exe,LOW,Closed,FALSE_POSITIVE,2026-03-16 17:33:22,iso_space,LOW,
EDR001825,2026-03-17 03:55:00,D0011,U0113,Credential Access,powershell_enc.exe,CRITICAL,Open,TRUE_POSITIVE,2026-03-17T03:55:00Z,iso_z,CRITICAL,
EDR001148,2026-03-16 16:40:27,D0085,U0200,Unusual Network,inventory_scan.exe,LOW,Open,FALSE_POSITIVE,2026-03-16 16:40:27,iso_space,LOW,
EDR000490,2026-03-20 14:01:26,D0040,U0161,Unusual Network,chrome.exe,MEDIUM,Open,FALSE_POSITIVE,2026-03-20T14:01:26Z,iso_z,medium,
EDR001805,2026-03-12 03:57:00,D0003,U0007,Persistence Attempt,rundll32.exe,HIGH,Open,NEEDS_INVESTIGATION,2026-03-12 03:57:00,iso_space,HIGH,
EDR000766,2026-03-06 17:29:06,D0111,U0070,PUP Detected,python.exe,LOW,Closed,FALSE_POSITIVE,2026-03-06 17:29:06,iso_space,Low,
EDR001096,2026-03-16 15:07:19,D0189,U0307,Suspicious Process,sccm_client.exe,HIGH,Closed,FALSE_POSITIVE,2026-03-16 15:07:19,iso_space,High,
EDR000330,2026-03-18 16:46:05,D0070,U0166,Unusual Network,outlook.exe,LOW,Closed,FALSE_POSITIVE,2026-03-18 16:46:05,iso_space,Low,
EDR001429,2026-03-11 12:24:00,D0126,U0224,Suspicious Process,backup_agent.exe,HIGH,Closed,FALSE_POSITIVE,2026-03-11T12:24:00Z,iso_z,HIGH,
EDR000219,2026-03-15 11:54:02,D0181,U0328,PUP Detected,sccm_client.exe,HIGH,In Progress,FALSE_POSITIVE,2026-03-15 11:54:02,iso_space,High,
EDR001808,2026-03-12 04:06:00,D0003,U0007,Credential Access,rundll32.exe,CRITICAL,Open,NEEDS_INVESTIGATION,2026-03-12T04:06:00Z,iso_z,critical,
EDR000608,2026-03-06 09:52:05,D0095,U0139,Unusual Network,teams.exe,MEDIUM,In Progress,FALSE_POSITIVE,2026-03-06 09:52:05,iso_space,medium,
EDR000386,2026-03-03 18:45:03,D0042,U0225,Suspicious Process,chrome.exe,HIGH,In Progress,FALSE_POSITIVE,2026-03-03 18:45:03,iso_space,HIGH,
EDR000927,2026-03-06 19:22:06,D0030,U0067,Suspicious Process,teams.exe,MEDIUM,Open,FALSE_POSITIVE,2026-03-06 19:22:06,iso_space,medium,
EDR000853,2026-03-06 14:06:45,D0070,U0108,Suspicious Process,chrome.exe,LOW,Open,FALSE_POSITIVE,2026-03-06 14:06:45,iso_space,LOW,
EDR000919,2026-03-13 10:40:13,D0066,U0130,Suspicious Process,antivirus_update.exe,LOW,In Progress,FALSE_POSITIVE,2026-03-13 10:40:13,iso_space,LOW,
EDR001245,2026-03-11 03:12:00,D0177,U0292,Suspicious Process,backup_agent.exe,HIGH,Closed,,2026-03-11 03:12:00,iso_space,HIGH,MISSING_ANALYST_DECISION
EDR001662,2026-03-02 11:26:11,D0005,U0380,PUP Detected,sccm_client.exe,HIGH,Open,NEEDS_INVESTIGATION,2026-03-02 11:26:11,iso_space,HIGH,
EDR001570,2026-03-11 19:27:00,D0067,U0290,Suspicious Process,backup_agent.exe,HIGH,Closed,FALSE_POSITIVE,2026-03-11 19:27:00,iso_space,high,
EDR001618,2026-03-10 18:03:01,D0093,U0274,PUP Detected,cryptolock.exe,LOW,Open,NEEDS_INVESTIGATION,2026-03-10T18:03:01Z,iso_z,LOW,
EDR000384,2026-03-22 19:48:25,D0195,U0325,PUP Detected,outlook.exe,HIGH,In Progress,FALSE_POSITIVE,2026-03-22 19:48:25,iso_space,HIGH,
EDR001411,2026-03-11 11:30:00,D0036,U0156,Suspicious Process,backup_agent.exe,HIGH,Closed,FALSE_POSITIVE,2026-03-11T11:30:00Z,iso_z,high,
EDR000244,2026-03-16 17:36:33,D0036,U0328,Unusual Network,outlook.exe,MEDIUM,Closed,FALSE_POSITIVE,2026-03-16T17:36:33Z,iso_z,medium,
EDR000571,2026-03-17 14:48:55,D0175,U0350,PUP Detected,outlook.exe,LOW,In Progress,FALSE_POSITIVE,2026-03-17T14:48:55Z,iso_z,LOW,
EDR001200,2026-03-11 00:57:00,D0159,U0157,Suspicious Process,backup_agent.exe,HIGH,Closed,FALSE_POSITIVE,2026-03-11 00:57:00,iso_space,High,
EDR000291,2026-03-17 18:19:48,D0191,U0288,Suspicious Process,antivirus_update.exe,HIGH,Open,FALSE_POSITIVE,2026-03-17 18:19:48,iso_space,high,
EDR001387,2026-03-11 10:18:00,D0038,U0166,Suspicious Process,backup_agent.exe,HIGH,Closed,FALSE_POSITIVE,2026-03-11T10:18:00Z,iso_z,HIGH,
EDR001409,2026-03-11 11:24:00,D0160,U0367,Suspicious Process,backup_agent.exe,HIGH,Closed,FALSE_POSITIVE,2026-03-11 11:24:00,iso_space,high,
EDR000412,2026-03-08 14:14:51,D0017,U0053,Unusual Network,python.exe,HIGH,In Progress,FALSE_POSITIVE,2026-03-08 14:14:51,iso_space,High,
EDR001855,2026-03-05 11:52:14,D9001,U0354,Suspicious Process,python.exe,MEDIUM,Open,NEEDS_INVESTIGATION,2026-03-05 11:52:14,iso_space,Medium,UNKNOWN_DEVICE_REF
EDR000859,2026-03-10 19:30:24,D0133,U0273,Suspicious Process,python.exe,LOW,Open,,2026-03-10 19:30:24,iso_space,Low,MISSING_ANALYST_DECISION
EDR000373,2026-03-22 19:08:23,D0192,U0336,PUP Detected,chrome.exe,MEDIUM,In Progress,,2026-03-22 19:08:23,iso_space,medium,MISSING_ANALYST_DECISION
EDR000432,2026-03-22 09:55:53,D0186,U0322,Suspicious Process,outlook.exe,HIGH,Closed,FALSE_POSITIVE,2026-03-22T09:55:53Z,iso_z,HIGH,
EDR000041,2026-03-18 16:37:26,D0039,U0044,PUP Detected,inventory_scan.exe,MEDIUM,In Progress,FALSE_POSITIVE,2026-03-18 16:37:26,iso_space,MEDIUM,
EDR001071,2026-03-12 13:42:55,D0135,U0115,Suspicious Process,python.exe,HIGH,In Progress,FALSE_POSITIVE,2026-03-12 13:42:55,iso_space,High,
EDR001217,2026-03-11 01:48:00,D0071,U0325,Suspicious Process,backup_agent.exe,HIGH,Closed,FALSE_POSITIVE,2026-03-11 01:48:00,iso_space,High,
EDR000989,2026-03-22 15:05:47,D0139,U0322,PUP Detected,teams.exe,HIGH,In Progress,FALSE_POSITIVE,2026-03-22 15:05:47,iso_space,HIGH,
EDR001830,2026-03-18 14:08:13,D9002,U0066,Unusual Network,outlook.exe,LOW,Open,NEEDS_INVESTIGATION,2026-03-18 14:08:13,iso_space,Low,UNKNOWN_DEVICE_REF
EDR001226,2026-03-11 02:15:00,D0027,U0120,Suspicious Process,backup_agent.exe,HIGH,Closed,FALSE_POSITIVE,2026-03-11T02:15:00Z,iso_z,High,
EDR001140,2026-03-13 15:43:54,D0085,U0123,PUP Detected,chrome.exe,MEDIUM,Closed,FALSE_POSITIVE,2026-03-13 15:43:54,iso_space,MEDIUM,
EDR001598,2026-03-03 18:01:04,D0189,U0389,PUP Detected,psexec.exe,MEDIUM,In Progress,NEEDS_INVESTIGATION,2026-03-03 18:01:04,iso_space,medium,
EDR000995,2026-03-06 17:19:26,D0126,U0030,Unusual Network,teams.exe,MEDIUM,Closed,FALSE_POSITIVE,2026-03-06T17:19:26Z,iso_z,medium,
EDR001726,2026-03-04 17:54:05,D0181,U0110,Ransomware Behaviour,antivirus_update.exe,MEDIUM,In Progress,NEEDS_INVESTIGATION,2026-03-04 17:54:05,iso_space,MEDIUM,
EDR000141,2026-03-07 08:09:52,D0183,U0377,PUP Detected,sccm_client.exe,HIGH,In Progress,FALSE_POSITIVE,2026-03-07 08:09:52,iso_space,high,
EDR001758,2026-03-16 08:55:04,D0034,U0178,PowerShell Abuse,rundll32.exe,CRITICAL,Closed,TRUE_POSITIVE,2026-03-16 08:55:04,iso_space,critical,
EDR000135,2026-03-17 17:02:36,D0105,U0297,PUP Detected,inventory_scan.exe,MEDIUM,In Progress,FALSE_POSITIVE,2026-03-17 17:02:36,iso_space,Medium,
EDR000494,2026-03-02 10:02:11,D0079,U0318,Suspicious Process,sccm_client.exe,MEDIUM,Closed,FALSE_POSITIVE,2026-03-02 10:02:11,iso_space,medium,
EDR001194,2026-03-11 00:39:00,D0029,U0330,Suspicious Process,backup_agent.exe,HIGH,Closed,FALSE_POSITIVE,2026-03-11 00:39:00,iso_space,HIGH,
EDR001567,2026-03-11 19:18:00,D0014,U0101,Suspicious Process,backup_agent.exe,HIGH,Closed,FALSE_POSITIVE,2026-03-11 19:18:00,iso_space,High,
EDR000346,2026-03-02 15:30:47,D0062,U0176,Unusual Network,sccm_client.exe,LOW,Open,FALSE_POSITIVE,2026-03-02 15:30:47,iso_space,Low,
EDR000597,2026-03-03 19:07:20,D0137,U0388,Suspicious Process,outlook.exe,HIGH,In Progress,FALSE_POSITIVE,2026-03-03 19:07:20,iso_space,High,
EDR000509,2026-03-13 10:34:42,D0069,U0280,PUP Detected,outlook.exe,MEDIUM,Closed,FALSE_POSITIVE,2026-03-13 10:34:42,iso_space,medium,
EDR001269,2026-03-11 04:24:00,D0010,U0202,Suspicious Process,backup_agent.exe,HIGH,Closed,FALSE_POSITIVE,2026-03-11T04:24:00Z,iso_z,high,
EDR001601,2026-03-12 15:13:14,D0180,U0030,Malware Signature,mimikatz.exe,CRITICAL,In Progress,NEEDS_INVESTIGATION,2026-03-12 15:13:14,iso_space,CRITICAL,
EDR001627,2026-03-05 15:42:33,D0066,U0345,Unusual Network,antivirus_update.exe,CRITICAL,In Progress,NEEDS_INVESTIGATION,2026-03-05 15:42:33,iso_space,CRITICAL,
EDR001135,2026-03-21 16:13:20,D0059,U0198,PUP Detected,sccm_client.exe,HIGH,In Progress,FALSE_POSITIVE,2026-03-21 16:13:20,iso_space,High,
EDR000221,2026-03-16 08:01:22,D0061,U0257,PUP Detected,antivirus_update.exe,MEDIUM,In Progress,FALSE_POSITIVE,2026-03-16 08:01:22,iso_space,medium,
EDR000633,2026-03-08 13:18:58,D0102,U0366,Suspicious Process,python.exe,MEDIUM,Open,FALSE_POSITIVE,2026-03-08 13:18:58,iso_space,MEDIUM,
EDR000914,2026-03-04 16:11:21,D0011,U0012,PUP Detected,python.exe,MEDIUM,Open,FALSE_POSITIVE,2026-03-04T16:11:21Z,iso_z,MEDIUM,
EDR000865,2026-03-11 14:11:01,D0009,U0393,Suspicious Process,chrome.exe,MEDIUM,Closed,,2026-03-11 14:11:01,iso_space,Medium,MISSING_ANALYST_DECISION
EDR000840,2026-03-16 09:27:36,D0011,U0122,Suspicious Process,sccm_client.exe,HIGH,Open,FALSE_POSITIVE,2026-03-16 09:27:36,iso_space,high,
EDR000441,2026-03-20 19:06:57,D0036,U0296,Unusual Network,antivirus_update.exe,MEDIUM,Closed,FALSE_POSITIVE,2026-03-20 19:06:57,iso_space,medium,
EDR000088,2026-03-14 13:32:43,D0058,U0296,Unusual Network,teams.exe,MEDIUM,Open,FALSE_POSITIVE,2026-03-14 13:32:43,iso_space,medium,
EDR001485,2026-03-11 15:12:00,D0146,U0251,Suspicious Process,backup_agent.exe,HIGH,Closed,,2026-03-11 15:12:00,iso_space,HIGH,MISSING_ANALYST_DECISION
EDR001187,2026-03-11 00:18:00,D0062,U0007,Suspicious Process,backup_agent.exe,HIGH,Closed,FALSE_POSITIVE,2026-03-11T00:18:00Z,iso_z,HIGH,
EDR001401,2026-03-11 11:00:00,D0137,U0210,Suspicious Process,backup_agent.exe,HIGH,Closed,FALSE_POSITIVE,2026-03-11T11:00:00Z,iso_z,high,
EDR000655,2026-03-09 19:01:17,D0105,U0274,Unusual Network,sccm_client.exe,MEDIUM,Closed,FALSE_POSITIVE,2026-03-09T19:01:17Z,iso_z,MEDIUM,
EDR000444,2026-03-14 18:58:29,D0176,U0195,Suspicious Process,outlook.exe,LOW,Open,FALSE_POSITIVE,2026-03-14 18:58:29,iso_space,Low,
EDR001316,2026-03-11 06:45:00,D0096,U0299,Suspicious Process,backup_agent.exe,HIGH,Closed,,2026-03-11 06:45:00,iso_space,High,MISSING_ANALYST_DECISION
EDR001816,2026-03-12 04:30:00,D0003,U0007,Persistence Attempt,rundll32.exe,CRITICAL,In Progress,NEEDS_INVESTIGATION,2026-03-12T04:30:00Z,iso_z,critical,
EDR000524,2026-03-16 12:37:16,D0055,U0326,PUP Detected,outlook.exe,LOW,Closed,,2026-03-16 12:37:16,iso_space,Low,MISSING_ANALYST_DECISION
EDR001776,2026-03-12 02:30:00,D0003,U0007,PowerShell Abuse,cryptolock.exe,CRITICAL,Open,TRUE_POSITIVE,2026-03-12T02:30:00Z,iso_z,critical,
EDR001081,2026-03-06 12:03:41,D0005,U0193,Unusual Network,python.exe,LOW,Closed,,2026-03-06 12:03:41,iso_space,low,MISSING_ANALYST_DECISION
EDR000114,2026-03-22 17:59:01,D0017,U0322,Unusual Network,outlook.exe,HIGH,Open,FALSE_POSITIVE,2026-03-22 17:59:01,iso_space,HIGH,
EDR000051,2026-03-10 11:04:56,D0129,U0125,PUP Detected,sccm_client.exe,HIGH,Closed,FALSE_POSITIVE,2026-03-10 11:04:56,iso_space,High,
EDR000683,2026-03-17 17:58:30,D0125,U0027,Unusual Network,antivirus_update.exe,LOW,Open,,2026-03-17T17:58:30Z,iso_z,LOW,MISSING_ANALYST_DECISION
EDR001290,2026-03-11 05:27:00,D0109,U0313,Suspicious Process,backup_agent.exe,HIGH,Closed,FALSE_POSITIVE,2026-03-11T05:27:00Z,iso_z,high,
EDR000966,2026-03-16 15:28:40,D0045,U0141,Suspicious Process,python.exe,LOW,Closed,FALSE_POSITIVE,2026-03-16 15:28:40,iso_space,low,
EDR000953,2026-03-09 16:08:22,D0097,U0338,Unusual Network,sccm_client.exe,MEDIUM,In Progress,FALSE_POSITIVE,2026-03-09 16:08:22,iso_space,medium,
EDR001284,2026-03-11 05:09:00,D0092,U0283,Suspicious Process,backup_agent.exe,HIGH,Closed,FALSE_POSITIVE,2026-03-11T05:09:00Z,iso_z,HIGH,
EDR001643,2026-03-10 14:36:38,D0057,U0133,Ransomware Behaviour,rundll32.exe,MEDIUM,Open,NEEDS_INVESTIGATION,2026-03-10T14:36:38Z,iso_z,MEDIUM,
EDR001584,2026-03-16 18:40:58,D0039,U0041,Ransomware Behaviour,teams.exe,HIGH,Open,,2026-03-16 18:40:58,iso_space,HIGH,MISSING_ANALYST_DECISION
EDR000744,2026-03-22 18:32:14,D0132,U0106,Unusual Network,antivirus_update.exe,HIGH,Closed,FALSE_POSITIVE,2026-03-22 18:32:14,iso_space,high,
EDR001007,2026-03-06 13:22:55,D0100,U0036,Suspicious Process,outlook.exe,HIGH,Closed,FALSE_POSITIVE,2026-03-06 13:22:55,iso_space,High,
EDR001745,2026-03-06 14:45:13,D0136,U0153,Credential Access,psexec.exe,CRITICAL,Closed,,2026-03-06 14:45:13,iso_space,Critical,MISSING_ANALYST_DECISION
EDR001681,2026-03-22 16:27:20,D0173,U0004,Persistence Attempt,antivirus_update.exe,CRITICAL,In Progress,NEEDS_INVESTIGATION,2026-03-22 16:27:20,iso_space,Critical,
EDR001514,2026-03-11 16:39:00,D0147,U0386,Suspicious Process,backup_agent.exe,HIGH,Closed,,2026-03-11 16:39:00,iso_space,high,MISSING_ANALYST_DECISION
EDR000815,2026-03-10 09:02:57,D0012,U0030,PUP Detected,sccm_client.exe,LOW,In Progress,FALSE_POSITIVE,2026-03-10 09:02:57,iso_space,LOW,
EDR000638,2026-03-18 12:07:28,D0035,U0359,PUP Detected,antivirus_update.exe,HIGH,Open,,2026-03-18 12:07:28,iso_space,high,MISSING_ANALYST_DECISION
EDR000531,2026-03-09 16:54:57,D0053,U0392,PUP Detected,inventory_scan.exe,MEDIUM,Open,FALSE_POSITIVE,2026-03-09 16:54:57,iso_space,medium,
EDR001214,2026-03-11 01:39:00,D0079,U0119,Suspicious Process,backup_agent.exe,HIGH,Closed,,2026-03-11 01:39:00,iso_space,High,MISSING_ANALYST_DECISION
EDR001658,2026-03-09 14:09:03,D0097,U0090,Credential Access,powershell_enc.exe,CRITICAL,Closed,FALSE_POSITIVE,2026-03-09 14:09:03,iso_space,CRITICAL,
EDR001660,2026-03-20 17:15:19,D0140,U0355,PowerShell Abuse,rundll32.exe,CRITICAL,Closed,FALSE_POSITIVE,2026-03-20 17:15:19,iso_space,CRITICAL,
EDR000311,2026-03-11 15:02:33,D0156,U0146,PUP Detected,antivirus_update.exe,LOW,Open,FALSE_POSITIVE,2026-03-11 15:02:33,iso_space,low,
EDR001553,2026-03-11 18:36:00,D0117,U0278,Suspicious Process,backup_agent.exe,HIGH,Closed,FALSE_POSITIVE,2026-03-11 18:36:00,iso_space,HIGH,
EDR001667,2026-03-10 10:25:56,D0036,U0264,Unusual Network,mimikatz.exe,HIGH,In Progress,NEEDS_INVESTIGATION,2026-03-10 10:25:56,iso_space,high,
EDR001052,2026-03-09 10:42:20,D0199,U0363,Unusual Network,chrome.exe,LOW,Closed,FALSE_POSITIVE,2026-03-09T10:42:20Z,iso_z,Low,
EDR000662,2026-03-21 10:25:11,D0053,U0313,Unusual Network,chrome.exe,LOW,Closed,FALSE_POSITIVE,2026-03-21 10:25:11,iso_space,low,
EDR000525,2026-03-04 13:08:15,D0016,U0004,Unusual Network,outlook.exe,HIGH,Open,FALSE_POSITIVE,2026-03-04 13:08:15,iso_space,high,
EDR000056,2026-03-04 08:56:48,D0024,U0223,PUP Detected,chrome.exe,HIGH,In Progress,FALSE_POSITIVE,2026-03-04 08:56:48,iso_space,high,
EDR000700,2026-03-10 12:44:12,D0145,U0112,Suspicious Process,python.exe,MEDIUM,Open,FALSE_POSITIVE,2026-03-10 12:44:12,iso_space,Medium,
EDR001142,2026-03-19 11:48:26,D0011,U0229,Unusual Network,python.exe,HIGH,Closed,FALSE_POSITIVE,2026-03-19 11:48:26,iso_space,HIGH,
EDR001555,2026-03-11 18:42:00,D0056,U0262,Suspicious Process,backup_agent.exe,HIGH,Closed,FALSE_POSITIVE,2026-03-11 18:42:00,iso_space,HIGH,
EDR000429,2026-03-10 10:04:21,D0135,U0287,Unusual Network,antivirus_update.exe,LOW,Closed,,2026-03-10 10:04:21,iso_space,low,MISSING_ANALYST_DECISION
EDR001249,2026-03-11 03:24:00,D0137,U0274,Suspicious Process,backup_agent.exe,HIGH,Closed,FALSE_POSITIVE,2026-03-11 03:24:00,iso_space,HIGH,
EDR000392,2026-03-09 12:20:30,D0052,U0347,Suspicious Process,teams.exe,HIGH,Closed,FALSE_POSITIVE,2026-03-09 12:20:30,iso_space,High,
EDR000064,2026-03-11 15:19:00,D0153,U0362,Suspicious Process,python.exe,HIGH,Open,FALSE_POSITIVE,2026-03-11 15:19:00,iso_space,High,
EDR000182,2026-03-03 17:17:25,D0155,U0033,PUP Detected,python.exe,MEDIUM,In Progress,FALSE_POSITIVE,2026-03-03T17:17:25Z,iso_z,Medium,
EDR001356,2026-03-11 08:45:00,D0070,U0121,Suspicious Process,backup_agent.exe,HIGH,Closed,FALSE_POSITIVE,2026-03-11 08:45:00,iso_space,HIGH,
EDR001248,2026-03-11 03:21:00,D0130,U0250,Suspicious Process,backup_agent.exe,HIGH,Closed,FALSE_POSITIVE,2026-03-11 03:21:00,iso_space,HIGH,
EDR000810,2026-03-07 15:55:51,D0130,U0136,Unusual Network,antivirus_update.exe,MEDIUM,Closed,FALSE_POSITIVE,2026-03-07 15:55:51,iso_space,MEDIUM,
EDR000496,2026-03-05 11:29:31,D0192,U0346,Suspicious Process,teams.exe,MEDIUM,Closed,,2026-03-05T11:29:31Z,iso_z,MEDIUM,MISSING_ANALYST_DECISION
EDR000897,2026-03-15 12:43:28,D0140,U0043,Unusual Network,chrome.exe,LOW,Closed,FALSE_POSITIVE,2026-03-15 12:43:28,iso_space,low,
EDR001084,2026-03-08 19:27:00,D0109,U0004,Suspicious Process,teams.exe,HIGH,Open,FALSE_POSITIVE,2026-03-08 19:27:00,iso_space,high,
EDR000806,2026-03-10 08:30:27,D0059,U0102,Suspicious Process,outlook.exe,HIGH,In Progress,FALSE_POSITIVE,2026-03-10 08:30:27,iso_space,High,
EDR000583,2026-03-22 10:53:36,D0151,U0111,PUP Detected,inventory_scan.exe,MEDIUM,Open,FALSE_POSITIVE,2026-03-22T10:53:36Z,iso_z,Medium,
EDR000447,2026-03-17 14:12:02,D0176,U0364,Suspicious Process,teams.exe,MEDIUM,In Progress,FALSE_POSITIVE,2026-03-17 14:12:02,iso_space,MEDIUM,
EDR000117,2026-03-18 15:58:39,D0194,U0072,PUP Detected,python.exe,LOW,In Progress,FALSE_POSITIVE,2026-03-18 15:58:39,iso_space,low,
EDR001493,2026-03-11 15:36:00,D0096,U0284,Suspicious Process,backup_agent.exe,HIGH,Closed,FALSE_POSITIVE,2026-03-11 15:36:00,iso_space,HIGH,
EDR001361,2026-03-11 09:00:00,D0155,U0120,Suspicious Process,backup_agent.exe,HIGH,Closed,,2026-03-11 09:00:00,iso_space,HIGH,MISSING_ANALYST_DECISION
EDR000831,2026-03-19 19:22:07,D0194,U0216,PUP Detected,python.exe,LOW,Open,FALSE_POSITIVE,2026-03-19 19:22:07,iso_space,low,
EDR001503,2026-03-11 16:06:00,D0082,U0058,Suspicious Process,backup_agent.exe,HIGH,Closed,FALSE_POSITIVE,2026-03-11 16:06:00,iso_space,High,
EDR000976,2026-03-09 17:06:45,D0152,U0211,Unusual Network,inventory_scan.exe,HIGH,Open,FALSE_POSITIVE,2026-03-09 17:06:45,iso_space,high,
EDR001128,2026-03-10 18:41:14,D0035,U0258,Suspicious Process,outlook.exe,HIGH,Open,,2026-03-10 18:41:14,iso_space,high,MISSING_ANALYST_DECISION
EDR000147,2026-03-21 14:21:28,D0081,U0016,PUP Detected,inventory_scan.exe,LOW,Closed,,2026-03-21 14:21:28,iso_space,low,MISSING_ANALYST_DECISION
EDR000664,2026-03-16 12:46:36,D0167,U0035,Unusual Network,python.exe,MEDIUM,Open,,2026-03-16 12:46:36,iso_space,medium,MISSING_ANALYST_DECISION
EDR000777,2026-03-09 14:11:39,D0147,U0176,Suspicious Process,inventory_scan.exe,HIGH,In Progress,FALSE_POSITIVE,2026-03-09T14:11:39Z,iso_z,HIGH,
EDR000387,2026-03-08 14:04:23,D0061,U0305,Unusual Network,python.exe,LOW,Open,FALSE_POSITIVE,2026-03-08 14:04:23,iso_space,LOW,
EDR001003,2026-03-21 16:42:19,D0187,U0100,Suspicious Process,antivirus_update.exe,LOW,Closed,FALSE_POSITIVE,2026-03-21 16:42:19,iso_space,Low,
EDR001772,2026-03-13 16:46:09,D0089,U0232,Malware Signature,rundll32.exe,CRITICAL,Closed,TRUE_POSITIVE,2026-03-13 16:46:09,iso_space,critical,
EDR000804,2026-03-16 13:12:44,D0140,U0226,Unusual Network,sccm_client.exe,HIGH,In Progress,FALSE_POSITIVE,2026-03-16 13:12:44,iso_space,High,
EDR000222,2026-03-17 12:46:13,D0149,U0196,Suspicious Process,chrome.exe,LOW,Closed,,2026-03-17T12:46:13Z,iso_z,Low,MISSING_ANALYST_DECISION
EDR000487,2026-03-13 08:45:20,D0149,U0348,PUP Detected,sccm_client.exe,LOW,Open,,2026-03-13 08:45:20,iso_space,LOW,MISSING_ANALYST_DECISION
EDR000100,2026-03-13 10:11:07,D0091,U0113,Suspicious Process,outlook.exe,LOW,In Progress,FALSE_POSITIVE,2026-03-13 10:11:07,iso_space,LOW,
EDR001603,2026-03-13 10:11:48,D0048,U0273,Ransomware Behaviour,inventory_scan.exe,LOW,Open,NEEDS_INVESTIGATION,2026-03-13T10:11:48Z,iso_z,LOW,
EDR001161,2026-03-19 09:51:40,D0192,U0031,Unusual Network,inventory_scan.exe,LOW,Open,FALSE_POSITIVE,2026-03-19 09:51:40,iso_space,LOW,
EDR000946,2026-03-22 11:40:48,D0163,U0387,PUP Detected,chrome.exe,LOW,Open,FALSE_POSITIVE,2026-03-22 11:40:48,iso_space,LOW,
EDR000759,2026-03-14 11:39:34,D0037,U0068,PUP Detected,inventory_scan.exe,HIGH,Open,FALSE_POSITIVE,2026-03-14T11:39:34Z,iso_z,high,
EDR001046,2026-03-13 18:46:56,D0123,U0047,PUP Detected,outlook.exe,MEDIUM,Closed,FALSE_POSITIVE,2026-03-13T18:46:56Z,iso_z,MEDIUM,
EDR000512,2026-03-08 13:29:33,D0176,U0268,Suspicious Process,inventory_scan.exe,MEDIUM,In Progress,FALSE_POSITIVE,2026-03-08 13:29:33,iso_space,medium,
EDR000713,2026-03-06 11:17:59,D0068,U0244,PUP Detected,chrome.exe,LOW,Closed,FALSE_POSITIVE,2026-03-06 11:17:59,iso_space,low,
EDR000382,2026-03-18 10:06:09,D0071,U0150,Unusual Network,inventory_scan.exe,LOW,Closed,FALSE_POSITIVE,2026-03-18T10:06:09Z,iso_z,LOW,
EDR000390,2026-03-05 15:50:18,D0119,U0037,Suspicious Process,inventory_scan.exe,HIGH,Closed,FALSE_POSITIVE,2026-03-05T15:50:18Z,iso_z,high,
EDR001474,2026-03-11 14:39:00,D0175,U0074,Suspicious Process,backup_agent.exe,HIGH,Closed,FALSE_POSITIVE,2026-03-11 14:39:00,iso_space,high,
EDR000169,2026-03-10 19:58:08,D0177,U0238,PUP Detected,teams.exe,MEDIUM,In Progress,FALSE_POSITIVE,2026-03-10 19:58:08,iso_space,Medium,
EDR000139,2026-03-17 14:42:49,D0193,U0198,Suspicious Process,outlook.exe,MEDIUM,Open,FALSE_POSITIVE,2026-03-17 14:42:49,iso_space,MEDIUM,
EDR000098,2026-03-15 14:29:59,D0022,U0111,Suspicious Process,outlook.exe,LOW,Closed,FALSE_POSITIVE,2026-03-15 14:29:59,iso_space,Low,
EDR000249,2026-03-06 16:43:33,D0154,U0237,Suspicious Process,python.exe,LOW,Closed,FALSE_POSITIVE,2026-03-06T16:43:33Z,iso_z,LOW,
EDR001398,2026-03-11 10:51:00,D0103,U0017,Suspicious Process,backup_agent.exe,HIGH,Closed,FALSE_POSITIVE,2026-03-11 10:51:00,iso_space,High,
EDR000125,2026-03-21 13:35:14,D0109,U0161,PUP Detected,teams.exe,MEDIUM,In Progress,FALSE_POSITIVE,2026-03-21 13:35:14,iso_space,Medium,
EDR000813,2026-03-06 17:04:19,D0023,U0322,PUP Detected,chrome.exe,MEDIUM,Closed,FALSE_POSITIVE,2026-03-06 17:04:19,iso_space,medium,
EDR000552,2026-03-02 15:22:17,D0196,U0081,PUP Detected,teams.exe,LOW,Open,FALSE_POSITIVE,2026-03-02 15:22:17,iso_space,low,
EDR000133,2026-03-04 10:05:57,D0061,U0013,PUP Detected,python.exe,HIGH,Open,,2026-03-04T10:05:57Z,iso_z,High,MISSING_ANALYST_DECISION
EDR001724,2026-03-11 09:28:04,D0042,U0238,Credential Access,teams.exe,HIGH,In Progress,NEEDS_INVESTIGATION,2026-03-11 09:28:04,iso_space,high,
EDR000851,2026-03-05 17:55:16,D0011,U0355,Unusual Network,inventory_scan.exe,HIGH,Closed,FALSE_POSITIVE,2026-03-05T17:55:16Z,iso_z,HIGH,
EDR001712,2026-03-20 14:33:57,D0151,U0019,Credential Access,antivirus_update.exe,CRITICAL,Open,NEEDS_INVESTIGATION,2026-03-20T14:33:57Z,iso_z,CRITICAL,
EDR001554,2026-03-11 18:39:00,D0183,U0117,Suspicious Process,backup_agent.exe,HIGH,Closed,FALSE_POSITIVE,2026-03-11 18:39:00,iso_space,HIGH,
EDR001220,2026-03-11 01:57:00,D0159,U0233,Suspicious Process,backup_agent.exe,HIGH,Closed,FALSE_POSITIVE,2026-03-11 01:57:00,iso_space,HIGH,
EDR001136,2026-03-19 11:41:56,D0180,U0171,PUP Detected,sccm_client.exe,LOW,In Progress,FALSE_POSITIVE,2026-03-19 11:41:56,iso_space,low,
EDR001491,2026-03-11 15:30:00,D0199,U0078,Suspicious Process,backup_agent.exe,HIGH,Closed,FALSE_POSITIVE,2026-03-11 15:30:00,iso_space,HIGH,
EDR000143,2026-03-13 16:05:23,D0109,U0015,Suspicious Process,teams.exe,LOW,Open,FALSE_POSITIVE,2026-03-13 16:05:23,iso_space,LOW,
EDR000973,2026-03-10 18:36:46,D0004,U0085,Unusual Network,teams.exe,LOW,In Progress,,2026-03-10 18:36:46,iso_space,Low,MISSING_ANALYST_DECISION
EDR001225,2026-03-11 02:12:00,D0149,U0298,Suspicious Process,backup_agent.exe,HIGH,Closed,FALSE_POSITIVE,2026-03-11 02:12:00,iso_space,high,
EDR000452,2026-03-08 10:39:13,D0193,U0038,PUP Detected,teams.exe,MEDIUM,Open,,2026-03-08 10:39:13,iso_space,Medium,MISSING_ANALYST_DECISION
EDR000110,2026-03-13 15:03:35,D0016,U0103,PUP Detected,antivirus_update.exe,HIGH,Closed,FALSE_POSITIVE,2026-03-13 15:03:35,iso_space,HIGH,
EDR001192,2026-03-11 00:33:00,D0143,U0029,Suspicious Process,backup_agent.exe,HIGH,Closed,FALSE_POSITIVE,2026-03-11 00:33:00,iso_space,high,
EDR000448,2026-03-17 17:56:02,D0145,U0018,Unusual Network,python.exe,LOW,Closed,FALSE_POSITIVE,2026-03-17 17:56:02,iso_space,LOW,
EDR001442,2026-03-11 13:03:00,D0134,U0129,Suspicious Process,backup_agent.exe,HIGH,Closed,FALSE_POSITIVE,2026-03-11 13:03:00,iso_space,high,
EDR001291,2026-03-11 05:30:00,D0200,U0291,Suspicious Process,backup_agent.exe,HIGH,Closed,FALSE_POSITIVE,2026-03-11 05:30:00,iso_space,high,
EDR001159,2026-03-04 14:58:45,D0014,U0299,Unusual Network,teams.exe,HIGH,In Progress,FALSE_POSITIVE,2026-03-04 14:58:45,iso_space,HIGH,
EDR001336,2026-03-11 07:45:00,D0012,U0390,Suspicious Process,backup_agent.exe,HIGH,Closed,FALSE_POSITIVE,2026-03-11 07:45:00,iso_space,HIGH,
EDR001024,2026-03-15 17:18:41,D0192,U0346,Suspicious Process,antivirus_update.exe,LOW,In Progress,FALSE_POSITIVE,2026-03-15T17:18:41Z,iso_z,LOW,
EDR000255,2026-03-11 09:09:46,D0105,U0036,Suspicious Process,teams.exe,HIGH,Closed,FALSE_POSITIVE,2026-03-11 09:09:46,iso_space,HIGH,
EDR001630,2026-03-05 09:13:43,D0138,U0347,Persistence Attempt,cryptolock.exe,HIGH,In Progress,NEEDS_INVESTIGATION,2026-03-05 09:13:43,iso_space,High,
EDR000651,2026-03-22 18:44:24,D0061,U0221,PUP Detected,teams.exe,HIGH,Closed,,2026-03-22 18:44:24,iso_space,HIGH,MISSING_ANALYST_DECISION
EDR000565,2026-03-08 19:16:37,D0099,U0071,Unusual Network,inventory_scan.exe,LOW,Open,FALSE_POSITIVE,2026-03-08 19:16:37,iso_space,low,
EDR001440,2026-03-11 12:57:00,D0095,U0307,Suspicious Process,backup_agent.exe,HIGH,Closed,,2026-03-11 12:57:00,iso_space,High,MISSING_ANALYST_DECISION
EDR000943,2026-03-09 16:19:19,D0031,U0340,PUP Detected,teams.exe,MEDIUM,Closed,FALSE_POSITIVE,2026-03-09T16:19:19Z,iso_z,Medium,
EDR001332,2026-03-11 07:33:00,D0197,U0311,Suspicious Process,backup_agent.exe,HIGH,Closed,FALSE_POSITIVE,2026-03-11 07:33:00,iso_space,high,
EDR000422,2026-03-15 15:36:47,D0193,U0343,PUP Detected,python.exe,LOW,Open,FALSE_POSITIVE,2026-03-15T15:36:47Z,iso_z,Low,
EDR000785,2026-03-14 18:51:00,D0067,U0052,PUP Detected,inventory_scan.exe,MEDIUM,Closed,FALSE_POSITIVE,2026-03-14 18:51:00,iso_space,medium,
EDR001366,2026-03-11 09:15:00,D0079,U0184,Suspicious Process,backup_agent.exe,HIGH,Closed,FALSE_POSITIVE,2026-03-11 09:15:00,iso_space,high,
EDR000086,2026-03-06 10:05:52,D0027,U0158,PUP Detected,inventory_scan.exe,LOW,In Progress,FALSE_POSITIVE,2026-03-06 10:05:52,iso_space,low,
EDR000748,2026-03-13 08:41:21,D0032,U0098,Unusual Network,teams.exe,MEDIUM,Closed,FALSE_POSITIVE,2026-03-13 08:41:21,iso_space,Medium,
EDR001454,2026-03-11 13:39:00,D0078,U0126,Suspicious Process,backup_agent.exe,HIGH,Closed,,2026-03-11 13:39:00,iso_space,high,MISSING_ANALYST_DECISION
EDR000881,2026-03-08 18:37:55,D0075,U0168,Unusual Network,inventory_scan.exe,MEDIUM,Closed,FALSE_POSITIVE,2026-03-08T18:37:55Z,iso_z,medium,
EDR001394,2026-03-11 10:39:00,D0095,U0370,Suspicious Process,backup_agent.exe,HIGH,Closed,FALSE_POSITIVE,2026-03-11 10:39:00,iso_space,High,
EDR000746,2026-03-08 09:42:22,D0069,U0166,Suspicious Process,teams.exe,LOW,Open,,2026-03-08 09:42:22,iso_space,Low,MISSING_ANALYST_DECISION
EDR001102,2026-03-16 17:21:08,D0198,U0081,Unusual Network,sccm_client.exe,MEDIUM,In Progress,FALSE_POSITIVE,2026-03-16 17:21:08,iso_space,medium,
EDR000657,2026-03-19 17:51:30,D0085,U0370,PUP Detected,python.exe,MEDIUM,Closed,FALSE_POSITIVE,2026-03-19 17:51:30,iso_space,Medium,
EDR000096,2026-03-03 16:49:01,D0144,U0058,Unusual Network,outlook.exe,MEDIUM,Open,FALSE_POSITIVE,2026-03-03 16:49:01,iso_space,Medium,
EDR000807,2026-03-04 11:37:16,D0034,U0385,PUP Detected,outlook.exe,LOW,In Progress,FALSE_POSITIVE,2026-03-04 11:37:16,iso_space,LOW,
EDR001496,2026-03-11 15:45:00,D0075,U0175,Suspicious Process,backup_agent.exe,HIGH,Closed,,2026-03-11 15:45:00,iso_space,HIGH,MISSING_ANALYST_DECISION
EDR001798,2026-03-12 03:36:00,D0003,U0007,PowerShell Abuse,mimikatz.exe,CRITICAL,Open,NEEDS_INVESTIGATION,2026-03-12 03:36:00,iso_space,critical,
EDR001521,2026-03-11 17:00:00,D0097,U0366,Suspicious Process,backup_agent.exe,HIGH,Closed,,2026-03-11 17:00:00,iso_space,High,MISSING_ANALYST_DECISION
EDR000146,2026-03-18 12:30:37,D0186,U0320,Unusual Network,antivirus_update.exe,LOW,Open,FALSE_POSITIVE,2026-03-18 12:30:37,iso_space,Low,
EDR000424,2026-03-14 18:11:28,D0026,U0076,Suspicious Process,antivirus_update.exe,MEDIUM,In Progress,,2026-03-14 18:11:28,iso_space,medium,MISSING_ANALYST_DECISION
EDR001271,2026-03-11 04:30:00,D0173,U0349,Suspicious Process,backup_agent.exe,HIGH,Closed,FALSE_POSITIVE,2026-03-11 04:30:00,iso_space,HIGH,
EDR000477,2026-03-16 16:06:12,D0077,U0239,Unusual Network,teams.exe,LOW,In Progress,,2026-03-16T16:06:12Z,iso_z,Low,MISSING_ANALYST_DECISION
EDR000351,2026-03-08 11:59:20,D0168,U0261,Suspicious Process,inventory_scan.exe,HIGH,Closed,,2026-03-08T11:59:20Z,iso_z,high,MISSING_ANALYST_DECISION
EDR000731,2026-03-03 16:44:43,D0019,U0307,Suspicious Process,python.exe,LOW,Closed,FALSE_POSITIVE,2026-03-03T16:44:43Z,iso_z,low,
EDR000301,2026-03-22 19:09:33,D0160,U0285,Unusual Network,teams.exe,LOW,Closed,FALSE_POSITIVE,2026-03-22 19:09:33,iso_space,Low,
EDR001447,2026-03-11 13:18:00,D0162,U0078,Suspicious Process,backup_agent.exe,HIGH,Closed,FALSE_POSITIVE,2026-03-11 13:18:00,iso_space,HIGH,
EDR000602,2026-03-13 10:07:57,D0053,U0392,Unusual Network,chrome.exe,MEDIUM,Open,FALSE_POSITIVE,2026-03-13 10:07:57,iso_space,Medium,
EDR001243,2026-03-11 03:06:00,D0110,U0347,Suspicious Process,backup_agent.exe,HIGH,Closed,FALSE_POSITIVE,2026-03-11 03:06:00,iso_space,HIGH,
EDR000202,2026-03-10 16:10:20,D0159,U0352,Suspicious Process,inventory_scan.exe,MEDIUM,Open,FALSE_POSITIVE,2026-03-10 16:10:20,iso_space,medium,
EDR001743,2026-03-22 12:19:11,D0198,U0144,Persistence Attempt,cryptolock.exe,CRITICAL,Closed,TRUE_POSITIVE,2026-03-22 12:19:11,iso_space,CRITICAL,
EDR000181,2026-03-02 08:35:28,D0059,U0112,Suspicious Process,python.exe,HIGH,Closed,FALSE_POSITIVE,2026-03-02 08:35:28,iso_space,HIGH,
EDR000423,2026-03-22 11:04:07,D0004,U0161,PUP Detected,antivirus_update.exe,LOW,Closed,FALSE_POSITIVE,2026-03-22T11:04:07Z,iso_z,Low,
EDR000183,2026-03-09 19:14:24,D0126,U0366,PUP Detected,python.exe,HIGH,Closed,FALSE_POSITIVE,2026-03-09 19:14:24,iso_space,High,
EDR001333,2026-03-11 07:36:00,D0113,U0236,Suspicious Process,backup_agent.exe,HIGH,Closed,FALSE_POSITIVE,2026-03-11 07:36:00,iso_space,high,
EDR001375,2026-03-11 09:42:00,D0051,U0228,Suspicious Process,backup_agent.exe,HIGH,Closed,FALSE_POSITIVE,2026-03-11 09:42:00,iso_space,high,
EDR000366,2026-03-17 10:45:54,D0094,U0111,PUP Detected,inventory_scan.exe,LOW,In Progress,FALSE_POSITIVE,2026-03-17 10:45:54,iso_space,LOW,
EDR001241,2026-03-11 03:00:00,D0160,U0116,Suspicious Process,backup_agent.exe,HIGH,Closed,FALSE_POSITIVE,2026-03-11T03:00:00Z,iso_z,high,
EDR001777,2026-03-12 02:33:00,D0003,U0007,PowerShell Abuse,mimikatz.exe,HIGH,Open,TRUE_POSITIVE,2026-03-12T02:33:00Z,iso_z,high,
EDR001640,2026-03-14 11:40:59,D0190,U0240,Credential Access,antivirus_update.exe,CRITICAL,In Progress,,2026-03-14T11:40:59Z,iso_z,critical,MISSING_ANALYST_DECISION
EDR001379,2026-03-11 09:54:00,D0097,U0206,Suspicious Process,backup_agent.exe,HIGH,Closed,FALSE_POSITIVE,2026-03-11T09:54:00Z,iso_z,High,
EDR001823,2026-03-17 03:45:00,D0011,U0113,Ransomware Behaviour,psexec.exe,CRITICAL,Open,TRUE_POSITIVE,2026-03-17 03:45:00,iso_space,critical,
EDR000170,2026-03-19 12:11:49,D0029,U0230,Unusual Network,teams.exe,HIGH,Closed,FALSE_POSITIVE,2026-03-19 12:11:49,iso_space,High,
EDR000236,2026-03-20 10:36:03,D0089,U0167,Suspicious Process,chrome.exe,HIGH,Open,FALSE_POSITIVE,2026-03-20 10:36:03,iso_space,High,
EDR000498,2026-03-15 14:16:31,D0067,U0017,Suspicious Process,outlook.exe,LOW,In Progress,FALSE_POSITIVE,2026-03-15 14:16:31,iso_space,low,
EDR001509,2026-03-11 16:24:00,D0120,U0180,Suspicious Process,backup_agent.exe,HIGH,Closed,,2026-03-11 16:24:00,iso_space,High,MISSING_ANALYST_DECISION
EDR000267,2026-03-14 16:09:28,D0005,U0093,Suspicious Process,python.exe,HIGH,In Progress,FALSE_POSITIVE,2026-03-14 16:09:28,iso_space,HIGH,
EDR001267,2026-03-11 04:18:00,D0115,U0233,Suspicious Process,backup_agent.exe,HIGH,Closed,,2026-03-11 04:18:00,iso_space,high,MISSING_ANALYST_DECISION
EDR001407,2026-03-11 11:18:00,D0019,U0234,Suspicious Process,backup_agent.exe,HIGH,Closed,,2026-03-11T11:18:00Z,iso_z,High,MISSING_ANALYST_DECISION
EDR000345,2026-03-19 19:53:08,D0135,U0053,PUP Detected,sccm_client.exe,LOW,Open,FALSE_POSITIVE,2026-03-19T19:53:08Z,iso_z,Low,
EDR001641,2026-03-17 12:32:05,D0143,U0077,Credential Access,python.exe,CRITICAL,In Progress,NEEDS_INVESTIGATION,2026-03-17 12:32:05,iso_space,critical,
EDR001456,2026-03-11 13:45:00,D0036,U0286,Suspicious Process,backup_agent.exe,HIGH,Closed,FALSE_POSITIVE,2026-03-11 13:45:00,iso_space,High,
EDR001342,2026-03-11 08:03:00,D0078,U0293,Suspicious Process,backup_agent.exe,HIGH,Closed,FALSE_POSITIVE,2026-03-11 08:03:00,iso_space,High,
EDR001610,2026-03-15 09:03:00,D0071,U0240,PUP Detected,powershell_enc.exe,MEDIUM,In Progress,,2026-03-15 09:03:00,iso_space,MEDIUM,MISSING_ANALYST_DECISION
EDR001834,2026-03-22 11:23:01,D9008,U0258,Credential Access,powershell_enc.exe,CRITICAL,Closed,FALSE_POSITIVE,2026-03-22 11:23:01,iso_space,CRITICAL,UNKNOWN_DEVICE_REF
EDR001288,2026-03-11 05:21:00,D0160,U0386,Suspicious Process,backup_agent.exe,HIGH,Closed,FALSE_POSITIVE,2026-03-11T05:21:00Z,iso_z,HIGH,
EDR000637,2026-03-20 19:21:34,D0106,U0384,Unusual Network,sccm_client.exe,MEDIUM,Closed,FALSE_POSITIVE,2026-03-20T19:21:34Z,iso_z,medium,
EDR001608,2026-03-03 19:13:55,D0108,U0394,Ransomware Behaviour,python.exe,CRITICAL,In Progress,,2026-03-03 19:13:55,iso_space,Critical,MISSING_ANALYST_DECISION
EDR000636,2026-03-06 09:33:04,D0090,U0262,PUP Detected,python.exe,MEDIUM,Open,,2026-03-06 09:33:04,iso_space,MEDIUM,MISSING_ANALYST_DECISION
EDR001309,2026-03-11 06:24:00,D0043,U0330,Suspicious Process,backup_agent.exe,HIGH,Closed,FALSE_POSITIVE,2026-03-11T06:24:00Z,iso_z,HIGH,
EDR001620,2026-03-19 08:32:09,D0172,U0337,Malware Signature,sccm_client.exe,HIGH,In Progress,NEEDS_INVESTIGATION,2026-03-19 08:32:09,iso_space,High,
EDR000530,2026-03-18 17:44:01,D0084,U0263,Suspicious Process,python.exe,HIGH,In Progress,FALSE_POSITIVE,2026-03-18 17:44:01,iso_space,HIGH,
EDR001018,2026-03-21 15:58:19,D0111,U0328,Unusual Network,outlook.exe,HIGH,Open,,2026-03-21T15:58:19Z,iso_z,high,MISSING_ANALYST_DECISION
EDR000176,2026-03-11 08:47:51,D0154,U0255,PUP Detected,teams.exe,MEDIUM,In Progress,FALSE_POSITIVE,2026-03-11 08:47:51,iso_space,Medium,
EDR000506,2026-03-06 09:18:12,D0123,U0004,PUP Detected,sccm_client.exe,LOW,Closed,FALSE_POSITIVE,2026-03-06 09:18:12,iso_space,Low,
EDR001649,2026-03-20 14:35:08,D0148,U0308,PowerShell Abuse,inventory_scan.exe,CRITICAL,Open,,2026-03-20 14:35:08,iso_space,CRITICAL,MISSING_ANALYST_DECISION
EDR000948,2026-03-08 12:25:29,D0121,U0294,PUP Detected,chrome.exe,MEDIUM,Open,FALSE_POSITIVE,2026-03-08 12:25:29,iso_space,Medium,
EDR001126,2026-03-03 09:33:35,D0142,U0196,Suspicious Process,inventory_scan.exe,MEDIUM,Closed,FALSE_POSITIVE,2026-03-03T09:33:35Z,iso_z,medium,
EDR000620,2026-03-07 18:59:32,D0103,U0070,PUP Detected,antivirus_update.exe,MEDIUM,Closed,FALSE_POSITIVE,2026-03-07T18:59:32Z,iso_z,Medium,
EDR001109,2026-03-10 10:14:58,D0069,U0223,Suspicious Process,sccm_client.exe,MEDIUM,Open,FALSE_POSITIVE,2026-03-10 10:14:58,iso_space,Medium,
EDR001854,2026-03-21 12:45:50,D9002,U0159,Malware Signature,mimikatz.exe,CRITICAL,Closed,FALSE_POSITIVE,2026-03-21 12:45:50,iso_space,CRITICAL,UNKNOWN_DEVICE_REF
EDR000718,2026-03-21 19:22:11,D0189,U0054,PUP Detected,chrome.exe,MEDIUM,In Progress,FALSE_POSITIVE,2026-03-21T19:22:11Z,iso_z,medium,
EDR000599,2026-03-17 09:57:11,D0142,U0305,Suspicious Process,chrome.exe,MEDIUM,Open,FALSE_POSITIVE,2026-03-17 09:57:11,iso_space,medium,
EDR000399,2026-03-07 16:59:17,D0163,U0148,Suspicious Process,inventory_scan.exe,LOW,Open,FALSE_POSITIVE,2026-03-07 16:59:17,iso_space,low,
EDR001685,2026-03-18 16:07:40,D0126,U0353,Malware Signature,mimikatz.exe,LOW,In Progress,NEEDS_INVESTIGATION,2026-03-18T16:07:40Z,iso_z,Low,
EDR001408,2026-03-11 11:21:00,D0109,U0019,Suspicious Process,backup_agent.exe,HIGH,Closed,FALSE_POSITIVE,2026-03-11 11:21:00,iso_space,High,
EDR000922,2026-03-08 19:05:40,D0002,U0067,Unusual Network,sccm_client.exe,LOW,In Progress,FALSE_POSITIVE,2026-03-08 19:05:40,iso_space,low,
EDR000290,2026-03-19 10:19:30,D0053,U0035,Suspicious Process,python.exe,HIGH,In Progress,FALSE_POSITIVE,2026-03-19 10:19:30,iso_space,high,
EDR000585,2026-03-03 12:27:35,D0017,U0338,Unusual Network,inventory_scan.exe,LOW,In Progress,FALSE_POSITIVE,2026-03-03 12:27:35,iso_space,low,
EDR001093,2026-03-19 14:30:12,D0075,U0063,PUP Detected,antivirus_update.exe,MEDIUM,Open,,2026-03-19 14:30:12,iso_space,Medium,MISSING_ANALYST_DECISION
EDR001549,2026-03-11 18:24:00,D0015,U0156,Suspicious Process,backup_agent.exe,HIGH,Closed,FALSE_POSITIVE,2026-03-11 18:24:00,iso_space,high,
EDR000689,2026-03-08 08:47:05,D0067,U0312,PUP Detected,outlook.exe,LOW,In Progress,FALSE_POSITIVE,2026-03-08 08:47:05,iso_space,low,
EDR000950,2026-03-09 13:02:41,D0044,U0363,Unusual Network,chrome.exe,MEDIUM,Open,FALSE_POSITIVE,2026-03-09T13:02:41Z,iso_z,MEDIUM,
EDR001613,2026-03-22 14:26:30,D0078,U0268,Ransomware Behaviour,chrome.exe,LOW,Open,NEEDS_INVESTIGATION,2026-03-22 14:26:30,iso_space,LOW,
EDR000464,2026-03-10 08:37:44,D0167,U0258,Unusual Network,antivirus_update.exe,LOW,Closed,FALSE_POSITIVE,2026-03-10 08:37:44,iso_space,Low,
EDR001802,2026-03-12 03:48:00,D0003,U0007,Credential Access,powershell_enc.exe,HIGH,In Progress,TRUE_POSITIVE,2026-03-12 03:48:00,iso_space,high,
EDR001817,2026-03-12 04:33:00,D0003,U0007,Credential Access,psexec.exe,CRITICAL,In Progress,NEEDS_INVESTIGATION,2026-03-12T04:33:00Z,iso_z,critical,
EDR001605,2026-03-21 16:06:19,D0062,U0015,PUP Detected,mimikatz.exe,HIGH,In Progress,NEEDS_INVESTIGATION,2026-03-21 16:06:19,iso_space,high,
EDR001180,2026-03-09 13:28:08,D0107,U0257,PUP Detected,chrome.exe,HIGH,Closed,,2026-03-09 13:28:08,iso_space,High,MISSING_ANALYST_DECISION
EDR000735,2026-03-15 14:53:41,D0121,U0105,Unusual Network,python.exe,MEDIUM,In Progress,FALSE_POSITIVE,2026-03-15 14:53:41,iso_space,Medium,
EDR000762,2026-03-16 10:13:53,D0105,U0391,Unusual Network,antivirus_update.exe,LOW,Open,FALSE_POSITIVE,2026-03-16 10:13:53,iso_space,LOW,
EDR000645,2026-03-20 19:49:47,D0077,U0311,Suspicious Process,python.exe,HIGH,Closed,FALSE_POSITIVE,2026-03-20 19:49:47,iso_space,HIGH,
EDR000319,2026-03-06 15:08:01,D0122,U0019,Suspicious Process,inventory_scan.exe,MEDIUM,Open,FALSE_POSITIVE,2026-03-06T15:08:01Z,iso_z,MEDIUM,
EDR000729,2026-03-19 16:49:49,D0103,U0108,Unusual Network,chrome.exe,HIGH,In Progress,,2026-03-19 16:49:49,iso_space,high,MISSING_ANALYST_DECISION
EDR001694,2026-03-19 09:13:45,D0028,U0147,PUP Detected,psexec.exe,LOW,In Progress,NEEDS_INVESTIGATION,2026-03-19 09:13:45,iso_space,Low,
EDR000212,2026-03-20 11:15:12,D0062,U0047,Unusual Network,outlook.exe,LOW,Closed,FALSE_POSITIVE,2026-03-20T11:15:12Z,iso_z,Low,
EDR001430,2026-03-11 12:27:00,D0015,U0292,Suspicious Process,backup_agent.exe,HIGH,Closed,,2026-03-11 12:27:00,iso_space,High,MISSING_ANALYST_DECISION
EDR000022,2026-03-21 14:41:43,D0188,U0355,PUP Detected,inventory_scan.exe,LOW,Closed,FALSE_POSITIVE,2026-03-21 14:41:43,iso_space,Low,
EDR000899,2026-03-21 19:31:59,D0083,U0387,Suspicious Process,chrome.exe,MEDIUM,Open,,2026-03-21 19:31:59,iso_space,Medium,MISSING_ANALYST_DECISION
EDR001589,2026-03-14 12:23:46,D0051,U0024,Malware Signature,inventory_scan.exe,HIGH,In Progress,NEEDS_INVESTIGATION,2026-03-14 12:23:46,iso_space,HIGH,
EDR000259,2026-03-04 08:38:53,D0029,U0350,Unusual Network,chrome.exe,MEDIUM,In Progress,FALSE_POSITIVE,2026-03-04 08:38:53,iso_space,medium,
EDR001037,2026-03-13 12:42:20,D0005,U0344,Suspicious Process,outlook.exe,HIGH,In Progress,FALSE_POSITIVE,2026-03-13 12:42:20,iso_space,high,
EDR001322,2026-03-11 07:03:00,D0014,U0337,Suspicious Process,backup_agent.exe,HIGH,Closed,FALSE_POSITIVE,2026-03-11 07:03:00,iso_space,High,
EDR001090,2026-03-07 16:29:12,D0128,U0383,Suspicious Process,inventory_scan.exe,LOW,Open,FALSE_POSITIVE,2026-03-07 16:29:12,iso_space,low,
EDR001108,2026-03-14 12:24:22,D0099,U0351,Suspicious Process,python.exe,MEDIUM,In Progress,FALSE_POSITIVE,2026-03-14T12:24:22Z,iso_z,Medium,
EDR000672,2026-03-21 13:25:08,D0099,U0049,PUP Detected,sccm_client.exe,MEDIUM,Closed,FALSE_POSITIVE,2026-03-21 13:25:08,iso_space,Medium,
EDR001466,2026-03-11 14:15:00,D0137,U0044,Suspicious Process,backup_agent.exe,HIGH,Closed,FALSE_POSITIVE,2026-03-11 14:15:00,iso_space,HIGH,
EDR000888,2026-03-02 14:01:08,D0003,U0149,Suspicious Process,chrome.exe,LOW,In Progress,FALSE_POSITIVE,2026-03-02T14:01:08Z,iso_z,LOW,
EDR001011,2026-03-02 18:31:57,D0011,U0387,PUP Detected,sccm_client.exe,LOW,In Progress,FALSE_POSITIVE,2026-03-02 18:31:57,iso_space,Low,
EDR000076,2026-03-22 18:07:12,D0007,U0187,Suspicious Process,python.exe,HIGH,Open,FALSE_POSITIVE,2026-03-22 18:07:12,iso_space,high,
EDR001749,2026-03-05 11:35:10,D0028,U0139,Malware Signature,rundll32.exe,CRITICAL,Closed,TRUE_POSITIVE,2026-03-05 11:35:10,iso_space,Critical,
EDR001530,2026-03-11 17:27:00,D0060,U0328,Suspicious Process,backup_agent.exe,HIGH,Closed,FALSE_POSITIVE,2026-03-11 17:27:00,iso_space,High,
EDR001321,2026-03-11 07:00:00,D0016,U0207,Suspicious Process,backup_agent.exe,HIGH,Closed,FALSE_POSITIVE,2026-03-11T07:00:00Z,iso_z,high,
EDR000095,2026-03-19 19:52:27,D0055,U0211,PUP Detected,antivirus_update.exe,LOW,Closed,FALSE_POSITIVE,2026-03-19 19:52:27,iso_space,low,
EDR001057,2026-03-08 10:20:07,D0124,U0190,PUP Detected,sccm_client.exe,MEDIUM,In Progress,FALSE_POSITIVE,2026-03-08 10:20:07,iso_space,Medium,
EDR000910,2026-03-21 18:26:23,D0159,U0271,Suspicious Process,inventory_scan.exe,HIGH,In Progress,FALSE_POSITIVE,2026-03-21 18:26:23,iso_space,HIGH,
EDR001146,2026-03-17 13:16:35,D0039,U0365,Unusual Network,chrome.exe,LOW,Open,FALSE_POSITIVE,2026-03-17 13:16:35,iso_space,low,
EDR001076,2026-03-07 17:41:17,D0029,U0026,Suspicious Process,chrome.exe,HIGH,Closed,FALSE_POSITIVE,2026-03-07T17:41:17Z,iso_z,High,
EDR000526,2026-03-20 13:41:50,D0166,U0130,Suspicious Process,sccm_client.exe,MEDIUM,Closed,,2026-03-20 13:41:50,iso_space,MEDIUM,MISSING_ANALYST_DECISION
EDR000189,2026-03-13 12:36:38,D0127,U0338,Unusual Network,outlook.exe,MEDIUM,Open,FALSE_POSITIVE,2026-03-13 12:36:38,iso_space,medium,
EDR000875,2026-03-16 15:26:25,D0083,U0047,Unusual Network,chrome.exe,LOW,In Progress,FALSE_POSITIVE,2026-03-16 15:26:25,iso_space,low,
EDR000077,2026-03-04 08:53:16,D0101,U0108,Unusual Network,teams.exe,MEDIUM,In Progress,FALSE_POSITIVE,2026-03-04 08:53:16,iso_space,Medium,
EDR001847,2026-03-15 12:52:34,D9003,U0270,Unusual Network,teams.exe,MEDIUM,Open,,2026-03-15T12:52:34Z,iso_z,Medium,MISSING_ANALYST_DECISION;UNKNOWN_DEVICE_REF
EDR001255,2026-03-11 03:42:00,D0153,U0120,Suspicious Process,backup_agent.exe,HIGH,Closed,,2026-03-11T03:42:00Z,iso_z,HIGH,MISSING_ANALYST_DECISION
EDR001389,2026-03-11 10:24:00,D0143,U0068,Suspicious Process,backup_agent.exe,HIGH,Closed,,2026-03-11T10:24:00Z,iso_z,High,MISSING_ANALYST_DECISION
EDR001686,2026-03-03 15:27:27,D0151,U0255,PowerShell Abuse,sccm_client.exe,CRITICAL,Open,NEEDS_INVESTIGATION,2026-03-03 15:27:27,iso_space,critical,
EDR001729,2026-03-19 18:46:01,D0038,U0329,PowerShell Abuse,psexec.exe,CRITICAL,In Progress,,2026-03-19 18:46:01,iso_space,CRITICAL,MISSING_ANALYST_DECISION
EDR001754,2026-03-08 10:24:36,D0079,U0014,Credential Access,mimikatz.exe,CRITICAL,Closed,TRUE_POSITIVE,2026-03-08 10:24:36,iso_space,Critical,
EDR001784,2026-03-12 02:54:00,D0003,U0007,Credential Access,cryptolock.exe,HIGH,Open,NEEDS_INVESTIGATION,2026-03-12 02:54:00,iso_space,high,
EDR000482,2026-03-05 09:26:07,D0042,U0194,Unusual Network,outlook.exe,HIGH,Closed,FALSE_POSITIVE,2026-03-05T09:26:07Z,iso_z,High,
EDR001785,2026-03-12 02:57:00,D0003,U0007,Persistence Attempt,powershell_enc.exe,CRITICAL,Open,NEEDS_INVESTIGATION,2026-03-12 02:57:00,iso_space,critical,
EDR000019,2026-03-05 15:22:34,D0047,U0215,PUP Detected,antivirus_update.exe,LOW,Open,FALSE_POSITIVE,2026-03-05T15:22:34Z,iso_z,Low,
EDR001238,2026-03-11 02:51:00,D0011,U0385,Suspicious Process,backup_agent.exe,HIGH,Closed,FALSE_POSITIVE,2026-03-11 02:51:00,iso_space,high,
EDR000801,2026-03-03 16:43:37,D0060,U0173,Suspicious Process,teams.exe,LOW,In Progress,FALSE_POSITIVE,2026-03-03 16:43:37,iso_space,Low,
EDR000335,2026-03-03 11:28:46,D0175,U0204,Suspicious Process,outlook.exe,LOW,In Progress,FALSE_POSITIVE,2026-03-03T11:28:46Z,iso_z,Low,
EDR001376,2026-03-11 09:45:00,D0138,U0188,Suspicious Process,backup_agent.exe,HIGH,Closed,FALSE_POSITIVE,2026-03-11T09:45:00Z,iso_z,High,
EDR000294,2026-03-07 08:24:17,D0160,U0073,PUP Detected,sccm_client.exe,LOW,In Progress,FALSE_POSITIVE,2026-03-07 08:24:17,iso_space,low,
EDR001483,2026-03-11 15:06:00,D0200,U0235,Suspicious Process,backup_agent.exe,HIGH,Closed,FALSE_POSITIVE,2026-03-11 15:06:00,iso_space,High,
EDR000844,2026-03-06 11:37:42,D0066,U0343,PUP Detected,python.exe,LOW,Open,FALSE_POSITIVE,2026-03-06T11:37:42Z,iso_z,Low,
EDR000606,2026-03-11 19:01:52,D0185,U0235,Suspicious Process,outlook.exe,MEDIUM,Open,FALSE_POSITIVE,2026-03-11 19:01:52,iso_space,medium,
EDR001609,2026-03-16 15:05:32,D0141,U0050,PUP Detected,python.exe,HIGH,In Progress,NEEDS_INVESTIGATION,2026-03-16T15:05:32Z,iso_z,high,
EDR001678,2026-03-09 19:49:24,D0030,U0096,Unusual Network,rundll32.exe,MEDIUM,Open,NEEDS_INVESTIGATION,2026-03-09 19:49:24,iso_space,medium,
EDR000623,2026-03-08 14:33:19,D0137,U0087,Unusual Network,antivirus_update.exe,MEDIUM,Closed,FALSE_POSITIVE,2026-03-08T14:33:19Z,iso_z,Medium,
EDR000414,2026-03-04 12:22:52,D0118,U0266,Suspicious Process,inventory_scan.exe,MEDIUM,Closed,FALSE_POSITIVE,2026-03-04 12:22:52,iso_space,medium,
EDR000485,2026-03-04 13:40:10,D0015,U0272,Unusual Network,antivirus_update.exe,MEDIUM,Open,FALSE_POSITIVE,2026-03-04 13:40:10,iso_space,MEDIUM,
EDR000442,2026-03-21 19:15:37,D0008,U0210,Suspicious Process,antivirus_update.exe,HIGH,Closed,FALSE_POSITIVE,2026-03-21T19:15:37Z,iso_z,high,
EDR000308,2026-03-04 15:42:01,D0070,U0028,PUP Detected,chrome.exe,MEDIUM,Open,,2026-03-04 15:42:01,iso_space,medium,MISSING_ANALYST_DECISION
EDR001139,2026-03-10 14:25:05,D0122,U0290,Suspicious Process,antivirus_update.exe,HIGH,Open,FALSE_POSITIVE,2026-03-10 14:25:05,iso_space,High,
EDR001174,2026-03-22 09:00:24,D0133,U0257,PUP Detected,antivirus_update.exe,MEDIUM,In Progress,FALSE_POSITIVE,2026-03-22 09:00:24,iso_space,MEDIUM,
EDR000677,2026-03-14 10:51:38,D0101,U0039,Suspicious Process,teams.exe,LOW,Closed,FALSE_POSITIVE,2026-03-14T10:51:38Z,iso_z,LOW,
EDR000682,2026-03-13 17:33:52,D0178,U0159,PUP Detected,chrome.exe,HIGH,Open,,2026-03-13T17:33:52Z,iso_z,High,MISSING_ANALYST_DECISION
EDR000605,2026-03-14 11:04:20,D0018,U0142,PUP Detected,inventory_scan.exe,MEDIUM,Open,,2026-03-14 11:04:20,iso_space,medium,MISSING_ANALYST_DECISION
EDR001548,2026-03-11 18:21:00,D0010,U0123,Suspicious Process,backup_agent.exe,HIGH,Closed,FALSE_POSITIVE,2026-03-11 18:21:00,iso_space,HIGH,
EDR000339,2026-03-07 13:57:41,D0089,U0358,Suspicious Process,python.exe,HIGH,In Progress,FALSE_POSITIVE,2026-03-07T13:57:41Z,iso_z,High,
EDR000416,2026-03-19 16:11:38,D0173,U0107,Unusual Network,outlook.exe,HIGH,Open,FALSE_POSITIVE,2026-03-19T16:11:38Z,iso_z,HIGH,
EDR000032,2026-03-09 15:39:29,D0092,U0341,Suspicious Process,teams.exe,HIGH,Open,FALSE_POSITIVE,2026-03-09T15:39:29Z,iso_z,HIGH,
EDR001824,2026-03-17 03:50:00,D0011,U0113,Credential Access,cryptolock.exe,CRITICAL,Open,TRUE_POSITIVE,2026-03-17 03:50:00,iso_space,Critical,
EDR000695,2026-03-04 10:24:47,D0112,U0369,PUP Detected,sccm_client.exe,MEDIUM,In Progress,FALSE_POSITIVE,2026-03-04T10:24:47Z,iso_z,MEDIUM,
EDR000120,2026-03-21 12:15:17,D0102,U0218,PUP Detected,inventory_scan.exe,LOW,Open,FALSE_POSITIVE,2026-03-21 12:15:17,iso_space,low,
EDR000558,2026-03-18 08:16:39,D0141,U0322,PUP Detected,teams.exe,LOW,In Progress,FALSE_POSITIVE,2026-03-18 08:16:39,iso_space,Low,
EDR001629,2026-03-19 13:48:18,D0048,U0154,PUP Detected,psexec.exe,CRITICAL,Closed,FALSE_POSITIVE,2026-03-19 13:48:18,iso_space,CRITICAL,
EDR000842,2026-03-10 11:34:33,D0176,U0359,Unusual Network,sccm_client.exe,MEDIUM,Open,FALSE_POSITIVE,2026-03-10 11:34:33,iso_space,MEDIUM,
EDR001087,2026-03-03 11:30:51,D0174,U0331,PUP Detected,python.exe,HIGH,Closed,,2026-03-03 11:30:51,iso_space,high,MISSING_ANALYST_DECISION
EDR001103,2026-03-11 16:12:18,D0054,U0087,Suspicious Process,antivirus_update.exe,HIGH,Open,FALSE_POSITIVE,2026-03-11T16:12:18Z,iso_z,High,
EDR000358,2026-03-06 08:14:28,D0063,U0299,PUP Detected,sccm_client.exe,MEDIUM,Closed,FALSE_POSITIVE,2026-03-06 08:14:28,iso_space,medium,
EDR001819,2026-03-17 03:25:00,D0011,U0113,Persistence Attempt,rundll32.exe,CRITICAL,Open,TRUE_POSITIVE,2026-03-17 03:25:00,iso_space,Critical,
EDR001565,2026-03-11 19:12:00,D0085,U0214,Suspicious Process,backup_agent.exe,HIGH,Closed,FALSE_POSITIVE,2026-03-11T19:12:00Z,iso_z,HIGH,
EDR000431,2026-03-18 18:55:14,D0157,U0031,PUP Detected,teams.exe,MEDIUM,Open,,2026-03-18 18:55:14,iso_space,MEDIUM,MISSING_ANALYST_DECISION
EDR001671,2026-03-08 16:51:23,D0007,U0084,Malware Signature,python.exe,CRITICAL,In Progress,,2026-03-08 16:51:23,iso_space,Critical,MISSING_ANALYST_DECISION
EDR000066,2026-03-04 11:54:26,D0003,U0350,PUP Detected,sccm_client.exe,MEDIUM,Open,FALSE_POSITIVE,2026-03-04 11:54:26,iso_space,MEDIUM,
EDR001169,2026-03-12 16:00:05,D0006,U0180,Unusual Network,antivirus_update.exe,MEDIUM,In Progress,FALSE_POSITIVE,2026-03-12T16:00:05Z,iso_z,medium,
EDR001465,2026-03-11 14:12:00,D0115,U0296,Suspicious Process,backup_agent.exe,HIGH,Closed,FALSE_POSITIVE,2026-03-11T14:12:00Z,iso_z,High,
EDR001536,2026-03-11 17:45:00,D0041,U0346,Suspicious Process,backup_agent.exe,HIGH,Closed,FALSE_POSITIVE,2026-03-11 17:45:00,iso_space,High,
EDR000223,2026-03-22 12:20:08,D0007,U0090,Suspicious Process,sccm_client.exe,LOW,Open,FALSE_POSITIVE,2026-03-22 12:20:08,iso_space,low,
EDR000860,2026-03-19 19:35:45,D0165,U0197,Suspicious Process,teams.exe,LOW,In Progress,FALSE_POSITIVE,2026-03-19T19:35:45Z,iso_z,low,
EDR000248,2026-03-15 16:06:16,D0135,U0153,Unusual Network,chrome.exe,MEDIUM,In Progress,FALSE_POSITIVE,2026-03-15T16:06:16Z,iso_z,MEDIUM,
EDR000372,2026-03-17 09:56:17,D0175,U0377,Suspicious Process,teams.exe,HIGH,Open,FALSE_POSITIVE,2026-03-17 09:56:17,iso_space,HIGH,
EDR001182,2026-03-11 00:03:00,D0136,U0259,Suspicious Process,backup_agent.exe,HIGH,Closed,FALSE_POSITIVE,2026-03-11 00:03:00,iso_space,HIGH,
EDR001231,2026-03-11 02:30:00,D0022,U0254,Suspicious Process,backup_agent.exe,HIGH,Closed,FALSE_POSITIVE,2026-03-11 02:30:00,iso_space,HIGH,
EDR001350,2026-03-11 08:27:00,D0169,U0231,Suspicious Process,backup_agent.exe,HIGH,Closed,FALSE_POSITIVE,2026-03-11 08:27:00,iso_space,high,
EDR001061,2026-03-08 17:52:26,D0152,U0141,Suspicious Process,sccm_client.exe,HIGH,Open,FALSE_POSITIVE,2026-03-08T17:52:26Z,iso_z,High,
EDR000309,2026-03-19 10:22:31,D0150,U0254,PUP Detected,chrome.exe,MEDIUM,Closed,FALSE_POSITIVE,2026-03-19T10:22:31Z,iso_z,Medium,
EDR000152,2026-03-18 09:47:21,D0022,U0239,Suspicious Process,teams.exe,MEDIUM,Open,FALSE_POSITIVE,2026-03-18 09:47:21,iso_space,Medium,
EDR001500,2026-03-11 15:57:00,D0047,U0163,Suspicious Process,backup_agent.exe,HIGH,Closed,FALSE_POSITIVE,2026-03-11 15:57:00,iso_space,HIGH,
EDR001511,2026-03-11 16:30:00,D0148,U0037,Suspicious Process,backup_agent.exe,HIGH,Closed,FALSE_POSITIVE,2026-03-11T16:30:00Z,iso_z,high,
EDR001330,2026-03-11 07:27:00,D0098,U0251,Suspicious Process,backup_agent.exe,HIGH,Closed,FALSE_POSITIVE,2026-03-11 07:27:00,iso_space,high,
EDR001428,2026-03-11 12:21:00,D0069,U0215,Suspicious Process,backup_agent.exe,HIGH,Closed,FALSE_POSITIVE,2026-03-11T12:21:00Z,iso_z,high,
EDR000153,2026-03-08 09:31:32,D0198,U0183,Unusual Network,antivirus_update.exe,HIGH,Open,FALSE_POSITIVE,2026-03-08 09:31:32,iso_space,High,
EDR001121,2026-03-07 16:54:05,D0122,U0309,PUP Detected,inventory_scan.exe,MEDIUM,Open,,2026-03-07T16:54:05Z,iso_z,Medium,MISSING_ANALYST_DECISION
EDR000984,2026-03-18 17:00:01,D0002,U0236,Unusual Network,inventory_scan.exe,LOW,In Progress,FALSE_POSITIVE,2026-03-18 17:00:01,iso_space,Low,
EDR001190,2026-03-11 00:27:00,D0135,U0378,Suspicious Process,backup_agent.exe,HIGH,Closed,FALSE_POSITIVE,2026-03-11T00:27:00Z,iso_z,HIGH,
EDR000197,2026-03-10 13:52:02,D0040,U0318,PUP Detected,sccm_client.exe,HIGH,Closed,FALSE_POSITIVE,2026-03-10 13:52:02,iso_space,High,
EDR000926,2026-03-18 12:34:06,D0187,U0060,Suspicious Process,sccm_client.exe,HIGH,In Progress,FALSE_POSITIVE,2026-03-18 12:34:06,iso_space,HIGH,
EDR001647,2026-03-22 11:13:18,D0099,U0095,Malware Signature,cryptolock.exe,MEDIUM,Open,NEEDS_INVESTIGATION,2026-03-22T11:13:18Z,iso_z,MEDIUM,
EDR000625,2026-03-12 14:15:29,D0120,U0174,PUP Detected,python.exe,LOW,Open,FALSE_POSITIVE,2026-03-12T14:15:29Z,iso_z,low,
EDR000579,2026-03-15 14:03:02,D0194,U0020,PUP Detected,antivirus_update.exe,MEDIUM,Closed,FALSE_POSITIVE,2026-03-15 14:03:02,iso_space,Medium,
EDR001744,2026-03-06 08:25:06,D0046,U0161,Malware Signature,rundll32.exe,HIGH,Closed,TRUE_POSITIVE,2026-03-06 08:25:06,iso_space,high,
EDR001036,2026-03-14 18:35:21,D0104,U0306,PUP Detected,chrome.exe,LOW,Open,FALSE_POSITIVE,2026-03-14 18:35:21,iso_space,Low,
EDR001569,2026-03-11 19:24:00,D0157,U0243,Suspicious Process,backup_agent.exe,HIGH,Closed,,2026-03-11T19:24:00Z,iso_z,HIGH,MISSING_ANALYST_DECISION
EDR000164,2026-03-22 15:23:33,D0136,U0044,Unusual Network,inventory_scan.exe,MEDIUM,Open,FALSE_POSITIVE,2026-03-22 15:23:33,iso_space,medium,
EDR001728,2026-03-15 11:18:08,D0112,U0025,Persistence Attempt,outlook.exe,HIGH,In Progress,NEEDS_INVESTIGATION,2026-03-15 11:18:08,iso_space,HIGH,
EDR001464,2026-03-11 14:09:00,D0073,U0195,Suspicious Process,backup_agent.exe,HIGH,Closed,FALSE_POSITIVE,2026-03-11 14:09:00,iso_space,High,
EDR000450,2026-03-11 10:08:35,D0021,U0069,Suspicious Process,teams.exe,HIGH,Open,FALSE_POSITIVE,2026-03-11 10:08:35,iso_space,high,
EDR001508,2026-03-11 16:21:00,D0189,U0044,Suspicious Process,backup_agent.exe,HIGH,Closed,FALSE_POSITIVE,2026-03-11 16:21:00,iso_space,High,
EDR000129,2026-03-12 12:57:50,D0110,U0005,PUP Detected,chrome.exe,MEDIUM,In Progress,FALSE_POSITIVE,2026-03-12 12:57:50,iso_space,MEDIUM,
EDR001100,2026-03-05 12:40:31,D0180,U0223,Suspicious Process,python.exe,LOW,Open,FALSE_POSITIVE,2026-03-05 12:40:31,iso_space,low,
EDR001420,2026-03-11 11:57:00,D0085,U0181,Suspicious Process,backup_agent.exe,HIGH,Closed,FALSE_POSITIVE,2026-03-11T11:57:00Z,iso_z,HIGH,
EDR001518,2026-03-11 16:51:00,D0001,U0337,Suspicious Process,backup_agent.exe,HIGH,Closed,FALSE_POSITIVE,2026-03-11 16:51:00,iso_space,high,
EDR000725,2026-03-16 16:16:35,D0180,U0300,PUP Detected,sccm_client.exe,MEDIUM,Closed,,2026-03-16T16:16:35Z,iso_z,Medium,MISSING_ANALYST_DECISION
EDR001458,2026-03-11 13:51:00,D0130,U0084,Suspicious Process,backup_agent.exe,HIGH,Closed,FALSE_POSITIVE,2026-03-11 13:51:00,iso_space,high,
EDR000264,2026-03-13 19:33:23,D0198,U0281,Unusual Network,python.exe,HIGH,Open,,2026-03-13T19:33:23Z,iso_z,High,MISSING_ANALYST_DECISION
EDR000162,2026-03-10 18:56:00,D0104,U0032,Suspicious Process,antivirus_update.exe,MEDIUM,Open,FALSE_POSITIVE,2026-03-10 18:56:00,iso_space,Medium,
EDR001282,2026-03-11 05:03:00,D0148,U0375,Suspicious Process,backup_agent.exe,HIGH,Closed,FALSE_POSITIVE,2026-03-11 05:03:00,iso_space,high,
EDR000367,2026-03-17 11:01:46,D0094,U0104,PUP Detected,antivirus_update.exe,LOW,In Progress,,2026-03-17 11:01:46,iso_space,low,MISSING_ANALYST_DECISION
EDR001286,2026-03-11 05:15:00,D0182,U0225,Suspicious Process,backup_agent.exe,HIGH,Closed,FALSE_POSITIVE,2026-03-11 05:15:00,iso_space,high,
EDR000195,2026-03-17 08:05:35,D0129,U0207,PUP Detected,teams.exe,HIGH,In Progress,FALSE_POSITIVE,2026-03-17T08:05:35Z,iso_z,High,
EDR000819,2026-03-21 16:43:18,D0079,U0049,Suspicious Process,python.exe,MEDIUM,In Progress,FALSE_POSITIVE,2026-03-21 16:43:18,iso_space,medium,
EDR001022,2026-03-21 19:51:43,D0100,U0381,Unusual Network,inventory_scan.exe,HIGH,Closed,FALSE_POSITIVE,2026-03-21T19:51:43Z,iso_z,high,
EDR000955,2026-03-04 12:12:57,D0110,U0341,Unusual Network,inventory_scan.exe,HIGH,Open,FALSE_POSITIVE,2026-03-04 12:12:57,iso_space,HIGH,
EDR001152,2026-03-06 11:31:13,D0200,U0354,Suspicious Process,chrome.exe,LOW,Closed,FALSE_POSITIVE,2026-03-06 11:31:13,iso_space,LOW,
EDR000820,2026-03-07 14:06:16,D0176,U0050,Unusual Network,inventory_scan.exe,HIGH,Open,FALSE_POSITIVE,2026-03-07T14:06:16Z,iso_z,HIGH,
EDR001327,2026-03-11 07:18:00,D0060,U0066,Suspicious Process,backup_agent.exe,HIGH,Closed,FALSE_POSITIVE,2026-03-11 07:18:00,iso_space,High,
EDR000757,2026-03-11 18:30:05,D0069,U0124,PUP Detected,python.exe,LOW,Closed,FALSE_POSITIVE,2026-03-11 18:30:05,iso_space,Low,
EDR000413,2026-03-03 19:21:18,D0045,U0170,Unusual Network,antivirus_update.exe,HIGH,In Progress,FALSE_POSITIVE,2026-03-03 19:21:18,iso_space,HIGH,
EDR000918,2026-03-09 15:17:19,D0156,U0265,PUP Detected,sccm_client.exe,MEDIUM,Open,FALSE_POSITIVE,2026-03-09 15:17:19,iso_space,medium,
EDR000314,2026-03-08 10:59:43,D0007,U0125,PUP Detected,python.exe,LOW,Closed,FALSE_POSITIVE,2026-03-08 10:59:43,iso_space,LOW,
EDR001480,2026-03-11 14:57:00,D0092,U0086,Suspicious Process,backup_agent.exe,HIGH,Closed,FALSE_POSITIVE,2026-03-11 14:57:00,iso_space,High,
EDR001158,2026-03-06 09:33:12,D0053,U0313,PUP Detected,chrome.exe,HIGH,Open,FALSE_POSITIVE,2026-03-06 09:33:12,iso_space,High,
EDR000699,2026-03-13 08:17:30,D0073,U0107,Suspicious Process,chrome.exe,LOW,Open,FALSE_POSITIVE,2026-03-13 08:17:30,iso_space,low,
EDR000874,2026-03-21 08:02:01,D0162,U0251,Suspicious Process,sccm_client.exe,MEDIUM,Open,FALSE_POSITIVE,2026-03-21T08:02:01Z,iso_z,medium,
EDR001646,2026-03-17 12:02:05,D0042,U0104,Malware Signature,cryptolock.exe,LOW,In Progress,NEEDS_INVESTIGATION,2026-03-17 12:02:05,iso_space,Low,
EDR000436,2026-03-06 16:23:26,D0027,U0035,Unusual Network,antivirus_update.exe,MEDIUM,In Progress,FALSE_POSITIVE,2026-03-06T16:23:26Z,iso_z,MEDIUM,
EDR000519,2026-03-16 09:34:03,D0058,U0020,Suspicious Process,teams.exe,LOW,Closed,FALSE_POSITIVE,2026-03-16T09:34:03Z,iso_z,low,
EDR001235,2026-03-11 02:42:00,D0018,U0288,Suspicious Process,backup_agent.exe,HIGH,Closed,FALSE_POSITIVE,2026-03-11 02:42:00,iso_space,HIGH,
EDR000991,2026-03-14 13:46:30,D0083,U0153,Suspicious Process,outlook.exe,MEDIUM,In Progress,FALSE_POSITIVE,2026-03-14 13:46:30,iso_space,MEDIUM,
EDR000039,2026-03-16 17:05:04,D0074,U0083,Suspicious Process,sccm_client.exe,HIGH,Open,FALSE_POSITIVE,2026-03-16 17:05:04,iso_space,high,
EDR000171,2026-03-07 10:04:00,D0197,U0045,Suspicious Process,teams.exe,MEDIUM,In Progress,FALSE_POSITIVE,2026-03-07 10:04:00,iso_space,Medium,
EDR000827,2026-03-04 12:32:51,D0024,U0164,Suspicious Process,outlook.exe,MEDIUM,In Progress,FALSE_POSITIVE,2026-03-04 12:32:51,iso_space,Medium,
EDR001062,2026-03-19 10:13:44,D0130,U0211,Unusual Network,teams.exe,MEDIUM,In Progress,FALSE_POSITIVE,2026-03-19 10:13:44,iso_space,medium,
EDR000074,2026-03-03 16:21:41,D0087,U0243,Unusual Network,antivirus_update.exe,HIGH,In Progress,FALSE_POSITIVE,2026-03-03T16:21:41Z,iso_z,High,
EDR000364,2026-03-09 12:53:16,D0033,U0168,Suspicious Process,inventory_scan.exe,HIGH,Closed,FALSE_POSITIVE,2026-03-09 12:53:16,iso_space,high,
EDR001230,2026-03-11 02:27:00,D0111,U0157,Suspicious Process,backup_agent.exe,HIGH,Closed,FALSE_POSITIVE,2026-03-11T02:27:00Z,iso_z,High,
EDR000004,2026-03-11 17:35:27,D0004,U0029,PUP Detected,sccm_client.exe,LOW,Open,,2026-03-11 17:35:27,iso_space,LOW,MISSING_ANALYST_DECISION
EDR001079,2026-03-04 08:37:11,D0080,U0022,Suspicious Process,outlook.exe,LOW,In Progress,,2026-03-04 08:37:11,iso_space,low,MISSING_ANALYST_DECISION
EDR000817,2026-03-14 19:37:52,D0160,U0265,Unusual Network,python.exe,LOW,Closed,FALSE_POSITIVE,2026-03-14T19:37:52Z,iso_z,low,
EDR001107,2026-03-09 11:13:10,D0046,U0368,Suspicious Process,chrome.exe,HIGH,Closed,,2026-03-09T11:13:10Z,iso_z,HIGH,MISSING_ANALYST_DECISION
EDR001541,2026-03-11 18:00:00,D0198,U0261,Suspicious Process,backup_agent.exe,HIGH,Closed,FALSE_POSITIVE,2026-03-11 18:00:00,iso_space,HIGH,
EDR000007,2026-03-17 13:03:10,D0194,U0142,Suspicious Process,python.exe,HIGH,Closed,,2026-03-17T13:03:10Z,iso_z,High,MISSING_ANALYST_DECISION
EDR000986,2026-03-06 16:55:22,D0146,U0187,Suspicious Process,sccm_client.exe,LOW,Closed,,2026-03-06T16:55:22Z,iso_z,Low,MISSING_ANALYST_DECISION
EDR001516,2026-03-11 16:45:00,D0098,U0046,Suspicious Process,backup_agent.exe,HIGH,Closed,FALSE_POSITIVE,2026-03-11 16:45:00,iso_space,High,
EDR000600,2026-03-07 17:50:48,D0143,U0210,Unusual Network,python.exe,HIGH,In Progress,FALSE_POSITIVE,2026-03-07T17:50:48Z,iso_z,HIGH,
EDR000081,2026-03-11 14:22:53,D0127,U0279,PUP Detected,antivirus_update.exe,HIGH,In Progress,FALSE_POSITIVE,2026-03-11 14:22:53,iso_space,HIGH,
EDR001586,2026-03-14 14:12:50,D0014,U0242,Credential Access,rundll32.exe,HIGH,In Progress,NEEDS_INVESTIGATION,2026-03-14 14:12:50,iso_space,high,
EDR000213,2026-03-17 15:47:29,D0187,U0089,Unusual Network,chrome.exe,MEDIUM,Closed,FALSE_POSITIVE,2026-03-17T15:47:29Z,iso_z,Medium,
EDR000075,2026-03-05 16:31:14,D0127,U0266,PUP Detected,python.exe,MEDIUM,In Progress,FALSE_POSITIVE,2026-03-05 16:31:14,iso_space,Medium,
EDR001002,2026-03-04 18:19:29,D0052,U0276,PUP Detected,python.exe,MEDIUM,In Progress,FALSE_POSITIVE,2026-03-04 18:19:29,iso_space,Medium,
EDR000204,2026-03-13 16:58:48,D0138,U0270,Suspicious Process,python.exe,HIGH,In Progress,FALSE_POSITIVE,2026-03-13T16:58:48Z,iso_z,HIGH,
EDR001386,2026-03-11 10:15:00,D0168,U0328,Suspicious Process,backup_agent.exe,HIGH,Closed,FALSE_POSITIVE,2026-03-11 10:15:00,iso_space,High,
EDR000036,2026-03-18 14:13:05,D0055,U0125,Suspicious Process,inventory_scan.exe,LOW,Open,,2026-03-18 14:13:05,iso_space,LOW,MISSING_ANALYST_DECISION
EDR000617,2026-03-04 15:14:30,D0019,U0027,PUP Detected,python.exe,LOW,In Progress,,2026-03-04T15:14:30Z,iso_z,Low,MISSING_ANALYST_DECISION
EDR000581,2026-03-18 08:47:26,D0155,U0053,Unusual Network,python.exe,MEDIUM,Open,,2026-03-18 08:47:26,iso_space,MEDIUM,MISSING_ANALYST_DECISION
EDR001437,2026-03-11 12:48:00,D0053,U0080,Suspicious Process,backup_agent.exe,HIGH,Closed,FALSE_POSITIVE,2026-03-11 12:48:00,iso_space,High,
EDR001851,2026-03-17 08:25:44,D9003,U0226,Ransomware Behaviour,inventory_scan.exe,LOW,Open,NEEDS_INVESTIGATION,2026-03-17 08:25:44,iso_space,low,UNKNOWN_DEVICE_REF
EDR001796,2026-03-12 03:30:00,D0003,U0007,Credential Access,rundll32.exe,CRITICAL,In Progress,NEEDS_INVESTIGATION,2026-03-12 03:30:00,iso_space,CRITICAL,
EDR001704,2026-03-14 18:27:53,D0047,U0108,Credential Access,inventory_scan.exe,LOW,Open,NEEDS_INVESTIGATION,2026-03-14T18:27:53Z,iso_z,low,
EDR001257,2026-03-11 03:48:00,D0142,U0255,Suspicious Process,backup_agent.exe,HIGH,Closed,FALSE_POSITIVE,2026-03-11T03:48:00Z,iso_z,high,
EDR001443,2026-03-11 13:06:00,D0025,U0010,Suspicious Process,backup_agent.exe,HIGH,Closed,FALSE_POSITIVE,2026-03-11 13:06:00,iso_space,High,
EDR000396,2026-03-12 08:33:27,D0067,U0181,Suspicious Process,outlook.exe,MEDIUM,In Progress,FALSE_POSITIVE,2026-03-12 08:33:27,iso_space,Medium,
EDR001836,2026-03-22 11:58:19,D9008,U0022,PowerShell Abuse,sccm_client.exe,HIGH,Open,,2026-03-22T11:58:19Z,iso_z,high,MISSING_ANALYST_DECISION;UNKNOWN_DEVICE_REF
EDR001532,2026-03-11 17:33:00,D0042,U0230,Suspicious Process,backup_agent.exe,HIGH,Closed,FALSE_POSITIVE,2026-03-11 17:33:00,iso_space,HIGH,
EDR000896,2026-03-09 09:35:25,D0036,U0074,Suspicious Process,sccm_client.exe,LOW,Open,FALSE_POSITIVE,2026-03-09 09:35:25,iso_space,LOW,
EDR000080,2026-03-12 15:50:32,D0059,U0193,PUP Detected,python.exe,HIGH,Closed,FALSE_POSITIVE,2026-03-12 15:50:32,iso_space,High,
EDR000837,2026-03-16 13:40:59,D0146,U0112,Suspicious Process,sccm_client.exe,HIGH,In Progress,FALSE_POSITIVE,2026-03-16 13:40:59,iso_space,HIGH,
EDR000216,2026-03-18 11:46:07,D0080,U0068,PUP Detected,chrome.exe,MEDIUM,Open,FALSE_POSITIVE,2026-03-18 11:46:07,iso_space,medium,
EDR000420,2026-03-21 19:49:49,D0186,U0006,Suspicious Process,sccm_client.exe,LOW,Open,FALSE_POSITIVE,2026-03-21 19:49:49,iso_space,LOW,
EDR000242,2026-03-22 18:58:39,D0031,U0382,Unusual Network,teams.exe,HIGH,In Progress,FALSE_POSITIVE,2026-03-22 18:58:39,iso_space,high,
EDR001074,2026-03-20 18:29:52,D0018,U0376,Unusual Network,chrome.exe,LOW,Closed,FALSE_POSITIVE,2026-03-20T18:29:52Z,iso_z,low,
EDR000640,2026-03-08 13:52:32,D0147,U0043,PUP Detected,antivirus_update.exe,LOW,Open,FALSE_POSITIVE,2026-03-08 13:52:32,iso_space,Low,
EDR000460,2026-03-16 10:42:19,D0125,U0201,PUP Detected,python.exe,MEDIUM,Closed,,2026-03-16 10:42:19,iso_space,medium,MISSING_ANALYST_DECISION
EDR001768,2026-03-18 10:41:15,D0129,U0135,PowerShell Abuse,powershell_enc.exe,CRITICAL,Closed,TRUE_POSITIVE,2026-03-18 10:41:15,iso_space,critical,
EDR000686,2026-03-02 11:29:44,D0044,U0120,Suspicious Process,python.exe,LOW,Closed,FALSE_POSITIVE,2026-03-02 11:29:44,iso_space,Low,
EDR000480,2026-03-12 19:09:16,D0151,U0062,Suspicious Process,inventory_scan.exe,HIGH,In Progress,FALSE_POSITIVE,2026-03-12 19:09:16,iso_space,High,
EDR001055,2026-03-20 11:41:40,D0147,U0342,PUP Detected,chrome.exe,MEDIUM,Open,FALSE_POSITIVE,2026-03-20 11:41:40,iso_space,MEDIUM,
EDR001173,2026-03-20 17:28:41,D0039,U0298,PUP Detected,inventory_scan.exe,MEDIUM,Open,FALSE_POSITIVE,2026-03-20T17:28:41Z,iso_z,MEDIUM,
EDR001775,2026-03-10 13:01:55,D0051,U0290,Malware Signature,mimikatz.exe,CRITICAL,Closed,TRUE_POSITIVE,2026-03-10T13:01:55Z,iso_z,Critical,
EDR000234,2026-03-08 11:22:37,D0108,U0038,Suspicious Process,python.exe,MEDIUM,Open,FALSE_POSITIVE,2026-03-08T11:22:37Z,iso_z,MEDIUM,
EDR001354,2026-03-11 08:39:00,D0109,U0147,Suspicious Process,backup_agent.exe,HIGH,Closed,,2026-03-11 08:39:00,iso_space,High,MISSING_ANALYST_DECISION
EDR000964,2026-03-21 14:39:31,D0063,U0110,PUP Detected,teams.exe,HIGH,In Progress,FALSE_POSITIVE,2026-03-21T14:39:31Z,iso_z,HIGH,
EDR001733,2026-03-21 15:25:58,D0075,U0129,Credential Access,rundll32.exe,CRITICAL,Closed,TRUE_POSITIVE,2026-03-21 15:25:58,iso_space,CRITICAL,
EDR001769,2026-03-04 15:07:23,D0185,U0149,Malware Signature,powershell_enc.exe,CRITICAL,Closed,TRUE_POSITIVE,2026-03-04 15:07:23,iso_space,Critical,
EDR000970,2026-03-07 09:16:24,D0192,U0339,Suspicious Process,outlook.exe,HIGH,Open,FALSE_POSITIVE,2026-03-07 09:16:24,iso_space,HIGH,
EDR000619,2026-03-07 18:12:55,D0038,U0162,Suspicious Process,inventory_scan.exe,LOW,Closed,FALSE_POSITIVE,2026-03-07 18:12:55,iso_space,low,
EDR000797,2026-03-22 08:01:33,D0174,U0349,Suspicious Process,inventory_scan.exe,HIGH,Closed,,2026-03-22 08:01:33,iso_space,high,MISSING_ANALYST_DECISION
EDR001039,2026-03-20 10:20:03,D0133,U0349,Unusual Network,python.exe,LOW,Open,FALSE_POSITIVE,2026-03-20 10:20:03,iso_space,LOW,
EDR000263,2026-03-19 17:00:42,D0011,U0300,Unusual Network,teams.exe,HIGH,In Progress,FALSE_POSITIVE,2026-03-19T17:00:42Z,iso_z,High,
EDR000658,2026-03-02 10:55:13,D0044,U0354,Suspicious Process,teams.exe,HIGH,Closed,FALSE_POSITIVE,2026-03-02 10:55:13,iso_space,High,
EDR000343,2026-03-11 08:25:03,D0176,U0099,PUP Detected,outlook.exe,HIGH,Closed,FALSE_POSITIVE,2026-03-11T08:25:03Z,iso_z,high,
EDR000103,2026-03-04 11:27:51,D0047,U0201,Suspicious Process,antivirus_update.exe,HIGH,In Progress,FALSE_POSITIVE,2026-03-04T11:27:51Z,iso_z,high,
EDR001289,2026-03-11 05:24:00,D0152,U0004,Suspicious Process,backup_agent.exe,HIGH,Closed,FALSE_POSITIVE,2026-03-11 05:24:00,iso_space,HIGH,
EDR000870,2026-03-08 13:22:48,D0010,U0096,PUP Detected,chrome.exe,HIGH,In Progress,FALSE_POSITIVE,2026-03-08 13:22:48,iso_space,High,
EDR000201,2026-03-06 09:15:43,D0043,U0298,Unusual Network,inventory_scan.exe,HIGH,In Progress,FALSE_POSITIVE,2026-03-06T09:15:43Z,iso_z,high,
EDR000707,2026-03-14 14:11:25,D0054,U0203,Suspicious Process,chrome.exe,MEDIUM,Closed,FALSE_POSITIVE,2026-03-14 14:11:25,iso_space,Medium,
EDR001181,2026-03-11 00:00:00,D0116,U0045,Suspicious Process,backup_agent.exe,HIGH,Closed,FALSE_POSITIVE,2026-03-11 00:00:00,iso_space,high,
EDR001843,2026-03-10 14:31:15,D9007,U0007,Persistence Attempt,mimikatz.exe,CRITICAL,Closed,FALSE_POSITIVE,2026-03-10 14:31:15,iso_space,CRITICAL,UNKNOWN_DEVICE_REF
EDR001256,2026-03-11 03:45:00,D0051,U0262,Suspicious Process,backup_agent.exe,HIGH,Closed,FALSE_POSITIVE,2026-03-11 03:45:00,iso_space,High,
EDR001699,2026-03-19 08:27:33,D0119,U0199,Persistence Attempt,outlook.exe,MEDIUM,In Progress,NEEDS_INVESTIGATION,2026-03-19 08:27:33,iso_space,medium,
EDR000003,2026-03-02 13:50:29,D0003,U0328,Unusual Network,antivirus_update.exe,HIGH,In Progress,FALSE_POSITIVE,2026-03-02 13:50:29,iso_space,High,
EDR000988,2026-03-19 17:51:45,D0107,U0363,Suspicious Process,inventory_scan.exe,HIGH,In Progress,FALSE_POSITIVE,2026-03-19 17:51:45,iso_space,HIGH,
EDR001295,2026-03-11 05:42:00,D0114,U0334,Suspicious Process,backup_agent.exe,HIGH,Closed,FALSE_POSITIVE,2026-03-11 05:42:00,iso_space,high,
EDR000122,2026-03-14 13:07:16,D0046,U0114,PUP Detected,python.exe,LOW,Closed,FALSE_POSITIVE,2026-03-14 13:07:16,iso_space,low,
EDR000821,2026-03-06 12:09:12,D0169,U0252,Unusual Network,antivirus_update.exe,MEDIUM,Open,FALSE_POSITIVE,2026-03-06 12:09:12,iso_space,MEDIUM,
EDR000188,2026-03-03 09:45:37,D0101,U0331,Unusual Network,chrome.exe,LOW,In Progress,FALSE_POSITIVE,2026-03-03 09:45:37,iso_space,low,
EDR001661,2026-03-04 16:41:40,D0192,U0265,Credential Access,cryptolock.exe,CRITICAL,Closed,FALSE_POSITIVE,2026-03-04 16:41:40,iso_space,CRITICAL,
EDR000455,2026-03-14 09:42:19,D0167,U0173,Unusual Network,sccm_client.exe,HIGH,In Progress,FALSE_POSITIVE,2026-03-14 09:42:19,iso_space,HIGH,
EDR000703,2026-03-06 08:14:52,D0040,U0319,Unusual Network,sccm_client.exe,HIGH,Open,FALSE_POSITIVE,2026-03-06T08:14:52Z,iso_z,High,
EDR000909,2026-03-14 12:03:25,D0170,U0218,Suspicious Process,outlook.exe,HIGH,Open,FALSE_POSITIVE,2026-03-14 12:03:25,iso_space,high,
EDR000917,2026-03-03 16:47:41,D0107,U0342,PUP Detected,python.exe,HIGH,Open,FALSE_POSITIVE,2026-03-03 16:47:41,iso_space,HIGH,
EDR001122,2026-03-13 09:33:53,D0187,U0390,PUP Detected,outlook.exe,MEDIUM,In Progress,FALSE_POSITIVE,2026-03-13 09:33:53,iso_space,medium,
EDR001581,2026-03-20 18:01:50,D0115,U0136,Ransomware Behaviour,outlook.exe,CRITICAL,Open,NEEDS_INVESTIGATION,2026-03-20T18:01:50Z,iso_z,Critical,
EDR001156,2026-03-04 08:00:59,D0140,U0393,Unusual Network,inventory_scan.exe,HIGH,In Progress,FALSE_POSITIVE,2026-03-04 08:00:59,iso_space,high,
EDR000451,2026-03-13 13:37:09,D0046,U0100,PUP Detected,inventory_scan.exe,MEDIUM,Closed,FALSE_POSITIVE,2026-03-13T13:37:09Z,iso_z,Medium,
EDR000719,2026-03-11 18:00:39,D0060,U0071,PUP Detected,python.exe,HIGH,Open,FALSE_POSITIVE,2026-03-11 18:00:39,iso_space,High,
EDR000941,2026-03-22 10:03:04,D0068,U0245,Suspicious Process,python.exe,LOW,Closed,FALSE_POSITIVE,2026-03-22 10:03:04,iso_space,Low,
EDR000673,2026-03-19 12:41:16,D0032,U0189,Unusual Network,teams.exe,MEDIUM,Open,FALSE_POSITIVE,2026-03-19 12:41:16,iso_space,medium,
EDR001270,2026-03-11 04:27:00,D0083,U0314,Suspicious Process,backup_agent.exe,HIGH,Closed,FALSE_POSITIVE,2026-03-11T04:27:00Z,iso_z,High,
EDR000283,2026-03-21 19:01:28,D0048,U0214,PUP Detected,inventory_scan.exe,HIGH,Closed,FALSE_POSITIVE,2026-03-21 19:01:28,iso_space,HIGH,
EDR000538,2026-03-14 18:00:29,D0159,U0359,PUP Detected,antivirus_update.exe,MEDIUM,In Progress,FALSE_POSITIVE,2026-03-14 18:00:29,iso_space,MEDIUM,
EDR001176,2026-03-11 15:56:44,D0004,U0084,Suspicious Process,chrome.exe,LOW,Closed,FALSE_POSITIVE,2026-03-11 15:56:44,iso_space,Low,
EDR001254,2026-03-11 03:39:00,D0093,U0318,Suspicious Process,backup_agent.exe,HIGH,Closed,FALSE_POSITIVE,2026-03-11 03:39:00,iso_space,High,
EDR000257,2026-03-08 14:16:59,D0158,U0051,Unusual Network,outlook.exe,LOW,Open,FALSE_POSITIVE,2026-03-08 14:16:59,iso_space,low,
EDR001043,2026-03-14 17:46:52,D0129,U0097,Suspicious Process,antivirus_update.exe,HIGH,Closed,FALSE_POSITIVE,2026-03-14 17:46:52,iso_space,High,
EDR000318,2026-03-21 12:19:28,D0030,U0273,Suspicious Process,outlook.exe,HIGH,Open,FALSE_POSITIVE,2026-03-21 12:19:28,iso_space,high,
EDR000215,2026-03-14 12:20:43,D0136,U0393,Suspicious Process,antivirus_update.exe,MEDIUM,Open,FALSE_POSITIVE,2026-03-14 12:20:43,iso_space,MEDIUM,
EDR001034,2026-03-13 12:46:00,D0007,U0295,PUP Detected,teams.exe,LOW,In Progress,FALSE_POSITIVE,2026-03-13T12:46:00Z,iso_z,low,
EDR000092,2026-03-06 11:00:46,D0068,U0139,PUP Detected,python.exe,MEDIUM,In Progress,FALSE_POSITIVE,2026-03-06 11:00:46,iso_space,MEDIUM,
EDR001154,2026-03-06 08:10:26,D0107,U0040,Unusual Network,antivirus_update.exe,HIGH,Closed,FALSE_POSITIVE,2026-03-06 08:10:26,iso_space,HIGH,
EDR001427,2026-03-11 12:18:00,D0018,U0279,Suspicious Process,backup_agent.exe,HIGH,Closed,FALSE_POSITIVE,2026-03-11 12:18:00,iso_space,HIGH,
EDR000811,2026-03-09 19:37:43,D0163,U0222,Unusual Network,sccm_client.exe,LOW,In Progress,FALSE_POSITIVE,2026-03-09 19:37:43,iso_space,low,
EDR001714,2026-03-17 12:52:53,D0006,U0390,Suspicious Process,chrome.exe,CRITICAL,Open,NEEDS_INVESTIGATION,2026-03-17 12:52:53,iso_space,Critical,
EDR001131,2026-03-02 11:43:13,D0121,U0189,PUP Detected,teams.exe,HIGH,Open,FALSE_POSITIVE,2026-03-02 11:43:13,iso_space,high,
EDR000354,2026-03-21 14:37:03,D0116,U0075,Suspicious Process,outlook.exe,HIGH,Open,FALSE_POSITIVE,2026-03-21T14:37:03Z,iso_z,high,
EDR000648,2026-03-16 18:46:39,D0080,U0327,Unusual Network,outlook.exe,MEDIUM,Open,FALSE_POSITIVE,2026-03-16T18:46:39Z,iso_z,Medium,
EDR001089,2026-03-15 16:59:02,D0017,U0377,Unusual Network,teams.exe,MEDIUM,Closed,FALSE_POSITIVE,2026-03-15T16:59:02Z,iso_z,Medium,
EDR001137,2026-03-13 18:36:55,D0177,U0025,Suspicious Process,sccm_client.exe,MEDIUM,In Progress,FALSE_POSITIVE,2026-03-13 18:36:55,iso_space,MEDIUM,
EDR000333,2026-03-10 12:37:42,D0200,U0042,PUP Detected,chrome.exe,HIGH,In Progress,FALSE_POSITIVE,2026-03-10 12:37:42,iso_space,HIGH,
EDR001614,2026-03-10 08:01:51,D0178,U0220,Unusual Network,teams.exe,CRITICAL,In Progress,NEEDS_INVESTIGATION,2026-03-10T08:01:51Z,iso_z,Critical,
EDR000841,2026-03-08 16:30:00,D0152,U0206,Suspicious Process,antivirus_update.exe,LOW,Open,FALSE_POSITIVE,2026-03-08T16:30:00Z,iso_z,Low,
EDR000252,2026-03-03 19:44:25,D0097,U0025,Suspicious Process,sccm_client.exe,HIGH,In Progress,FALSE_POSITIVE,2026-03-03T19:44:25Z,iso_z,High,
EDR000145,2026-03-06 10:12:17,D0161,U0123,PUP Detected,inventory_scan.exe,LOW,Closed,FALSE_POSITIVE,2026-03-06 10:12:17,iso_space,low,
EDR001762,2026-03-04 16:00:57,D0061,U0360,PowerShell Abuse,psexec.exe,CRITICAL,Closed,TRUE_POSITIVE,2026-03-04 16:00:57,iso_space,CRITICAL,
EDR000901,2026-03-11 09:42:40,D0119,U0262,Unusual Network,python.exe,HIGH,Closed,FALSE_POSITIVE,2026-03-11 09:42:40,iso_space,HIGH,
EDR000932,2026-03-13 12:17:15,D0146,U0150,Unusual Network,antivirus_update.exe,LOW,Open,FALSE_POSITIVE,2026-03-13 12:17:15,iso_space,Low,
EDR000907,2026-03-09 12:06:00,D0042,U0323,PUP Detected,inventory_scan.exe,MEDIUM,Open,FALSE_POSITIVE,2026-03-09 12:06:00,iso_space,Medium,
EDR000545,2026-03-08 19:21:58,D0003,U0335,PUP Detected,chrome.exe,LOW,In Progress,FALSE_POSITIVE,2026-03-08 19:21:58,iso_space,Low,
EDR001381,2026-03-11 10:00:00,D0024,U0346,Suspicious Process,backup_agent.exe,HIGH,Closed,FALSE_POSITIVE,2026-03-11 10:00:00,iso_space,high,
EDR000857,2026-03-20 09:25:23,D0024,U0265,PUP Detected,python.exe,MEDIUM,Open,FALSE_POSITIVE,2026-03-20T09:25:23Z,iso_z,Medium,
EDR001335,2026-03-11 07:42:00,D0115,U0353,Suspicious Process,backup_agent.exe,HIGH,Closed,FALSE_POSITIVE,2026-03-11 07:42:00,iso_space,HIGH,
EDR000630,2026-03-19 19:28:58,D0133,U0009,PUP Detected,chrome.exe,MEDIUM,Closed,FALSE_POSITIVE,2026-03-19 19:28:58,iso_space,medium,
EDR000198,2026-03-02 12:54:31,D0104,U0029,Unusual Network,chrome.exe,MEDIUM,In Progress,FALSE_POSITIVE,2026-03-02 12:54:31,iso_space,Medium,
EDR001049,2026-03-10 10:43:41,D0031,U0143,PUP Detected,antivirus_update.exe,LOW,In Progress,FALSE_POSITIVE,2026-03-10T10:43:41Z,iso_z,LOW,
EDR000474,2026-03-09 12:10:40,D0165,U0013,Unusual Network,antivirus_update.exe,MEDIUM,In Progress,FALSE_POSITIVE,2026-03-09 12:10:40,iso_space,MEDIUM,
EDR000789,2026-03-06 16:50:31,D0182,U0131,Suspicious Process,sccm_client.exe,HIGH,In Progress,FALSE_POSITIVE,2026-03-06 16:50:31,iso_space,HIGH,
EDR000009,2026-03-03 16:25:17,D0023,U0327,Unusual Network,antivirus_update.exe,HIGH,Closed,FALSE_POSITIVE,2026-03-03 16:25:17,iso_space,High,
EDR001086,2026-03-07 17:57:23,D0182,U0213,PUP Detected,sccm_client.exe,LOW,Open,FALSE_POSITIVE,2026-03-07 17:57:23,iso_space,LOW,
EDR001571,2026-03-11 19:30:00,D0136,U0390,Suspicious Process,backup_agent.exe,HIGH,Closed,FALSE_POSITIVE,2026-03-11 19:30:00,iso_space,HIGH,
EDR000972,2026-03-07 14:00:19,D0166,U0367,Suspicious Process,antivirus_update.exe,HIGH,In Progress,FALSE_POSITIVE,2026-03-07 14:00:19,iso_space,high,
EDR001404,2026-03-11 11:09:00,D0036,U0071,Suspicious Process,backup_agent.exe,HIGH,Closed,FALSE_POSITIVE,2026-03-11 11:09:00,iso_space,HIGH,
EDR000130,2026-03-20 16:25:35,D0018,U0356,PUP Detected,inventory_scan.exe,MEDIUM,In Progress,FALSE_POSITIVE,2026-03-20 16:25:35,iso_space,MEDIUM,
EDR000670,2026-03-03 12:26:06,D0138,U0268,Unusual Network,outlook.exe,MEDIUM,In Progress,FALSE_POSITIVE,2026-03-03 12:26:06,iso_space,MEDIUM,
EDR000563,2026-03-22 13:30:16,D0182,U0242,Suspicious Process,inventory_scan.exe,HIGH,In Progress,FALSE_POSITIVE,2026-03-22 13:30:16,iso_space,High,
EDR001095,2026-03-21 16:00:57,D0190,U0051,Suspicious Process,antivirus_update.exe,HIGH,In Progress,FALSE_POSITIVE,2026-03-21 16:00:57,iso_space,high,
EDR001812,2026-03-12 04:18:00,D0003,U0007,Persistence Attempt,psexec.exe,HIGH,Open,TRUE_POSITIVE,2026-03-12 04:18:00,iso_space,high,
EDR001520,2026-03-11 16:57:00,D0009,U0377,Suspicious Process,backup_agent.exe,HIGH,Closed,FALSE_POSITIVE,2026-03-11T16:57:00Z,iso_z,High,
EDR000192,2026-03-05 10:06:53,D0117,U0037,PUP Detected,python.exe,LOW,Open,FALSE_POSITIVE,2026-03-05 10:06:53,iso_space,Low,
EDR001596,2026-03-22 10:05:25,D0167,U0369,Persistence Attempt,antivirus_update.exe,HIGH,In Progress,NEEDS_INVESTIGATION,2026-03-22 10:05:25,iso_space,high,
EDR001736,2026-03-03 19:31:02,D0051,U0199,PowerShell Abuse,mimikatz.exe,CRITICAL,Closed,TRUE_POSITIVE,2026-03-03 19:31:02,iso_space,critical,
EDR001285,2026-03-11 05:12:00,D0002,U0107,Suspicious Process,backup_agent.exe,HIGH,Closed,FALSE_POSITIVE,2026-03-11 05:12:00,iso_space,High,
EDR000336,2026-03-15 13:17:21,D0073,U0172,Suspicious Process,inventory_scan.exe,LOW,In Progress,FALSE_POSITIVE,2026-03-15T13:17:21Z,iso_z,LOW,
EDR001707,2026-03-10 17:23:16,D0152,U0096,Credential Access,sccm_client.exe,CRITICAL,Open,NEEDS_INVESTIGATION,2026-03-10T17:23:16Z,iso_z,CRITICAL,
EDR000518,2026-03-09 16:43:35,D0082,U0364,PUP Detected,outlook.exe,MEDIUM,Closed,FALSE_POSITIVE,2026-03-09 16:43:35,iso_space,medium,
EDR001112,2026-03-08 19:37:16,D0068,U0120,Suspicious Process,outlook.exe,LOW,Closed,FALSE_POSITIVE,2026-03-08T19:37:16Z,iso_z,LOW,
EDR000877,2026-03-07 17:53:05,D0071,U0218,Unusual Network,inventory_scan.exe,HIGH,Open,FALSE_POSITIVE,2026-03-07 17:53:05,iso_space,High,
EDR001163,2026-03-17 17:00:47,D0043,U0207,Suspicious Process,outlook.exe,MEDIUM,Closed,FALSE_POSITIVE,2026-03-17T17:00:47Z,iso_z,MEDIUM,
EDR001472,2026-03-11 14:33:00,D0093,U0330,Suspicious Process,backup_agent.exe,HIGH,Closed,FALSE_POSITIVE,2026-03-11 14:33:00,iso_space,high,
EDR001702,2026-03-22 11:07:42,D0197,U0205,Credential Access,python.exe,CRITICAL,Open,NEEDS_INVESTIGATION,2026-03-22 11:07:42,iso_space,critical,
EDR001050,2026-03-09 19:50:02,D0060,U0184,PUP Detected,sccm_client.exe,MEDIUM,Open,FALSE_POSITIVE,2026-03-09 19:50:02,iso_space,Medium,
EDR000052,2026-03-08 17:42:31,D0018,U0081,Suspicious Process,chrome.exe,MEDIUM,In Progress,FALSE_POSITIVE,2026-03-08T17:42:31Z,iso_z,Medium,
EDR000570,2026-03-14 18:35:37,D0143,U0297,Suspicious Process,antivirus_update.exe,HIGH,Open,FALSE_POSITIVE,2026-03-14 18:35:37,iso_space,High,
EDR001488,2026-03-11 15:21:00,D0167,U0116,Suspicious Process,backup_agent.exe,HIGH,Closed,FALSE_POSITIVE,2026-03-11T15:21:00Z,iso_z,HIGH,
EDR000194,2026-03-09 10:21:36,D0145,U0165,Unusual Network,outlook.exe,HIGH,In Progress,FALSE_POSITIVE,2026-03-09 10:21:36,iso_space,High,
EDR000674,2026-03-14 17:19:52,D0101,U0381,Unusual Network,inventory_scan.exe,LOW,In Progress,,2026-03-14 17:19:52,iso_space,low,MISSING_ANALYST_DECISION
EDR000028,2026-03-10 16:50:08,D0018,U0195,Unusual Network,outlook.exe,MEDIUM,In Progress,FALSE_POSITIVE,2026-03-10T16:50:08Z,iso_z,Medium,
EDR000796,2026-03-02 16:54:08,D0150,U0049,Unusual Network,outlook.exe,HIGH,In Progress,FALSE_POSITIVE,2026-03-02 16:54:08,iso_space,high,
EDR001576,2026-03-11 19:45:00,D0113,U0043,Suspicious Process,backup_agent.exe,HIGH,Closed,FALSE_POSITIVE,2026-03-11 19:45:00,iso_space,High,
EDR000931,2026-03-21 09:10:25,D0100,U0107,Unusual Network,outlook.exe,LOW,Open,FALSE_POSITIVE,2026-03-21 09:10:25,iso_space,Low,
EDR001177,2026-03-13 17:11:39,D0188,U0112,Suspicious Process,outlook.exe,MEDIUM,Closed,FALSE_POSITIVE,2026-03-13T17:11:39Z,iso_z,Medium,
EDR000403,2026-03-03 11:28:11,D0186,U0012,Unusual Network,antivirus_update.exe,MEDIUM,Open,FALSE_POSITIVE,2026-03-03T11:28:11Z,iso_z,MEDIUM,
EDR000839,2026-03-13 17:16:22,D0095,U0388,Suspicious Process,teams.exe,HIGH,In Progress,FALSE_POSITIVE,2026-03-13T17:16:22Z,iso_z,HIGH,
EDR001281,2026-03-11 05:00:00,D0002,U0225,Suspicious Process,backup_agent.exe,HIGH,Closed,,2026-03-11T05:00:00Z,iso_z,High,MISSING_ANALYST_DECISION
EDR001631,2026-03-05 11:15:48,D0012,U0088,Malware Signature,powershell_enc.exe,CRITICAL,Closed,FALSE_POSITIVE,2026-03-05 11:15:48,iso_space,CRITICAL,
EDR000912,2026-03-02 18:07:51,D0052,U0057,PUP Detected,antivirus_update.exe,HIGH,Closed,FALSE_POSITIVE,2026-03-02 18:07:51,iso_space,high,
EDR001697,2026-03-11 11:45:26,D0199,U0371,PowerShell Abuse,powershell_enc.exe,CRITICAL,In Progress,,2026-03-11T11:45:26Z,iso_z,CRITICAL,MISSING_ANALYST_DECISION
EDR001435,2026-03-11 12:42:00,D0024,U0190,Suspicious Process,backup_agent.exe,HIGH,Closed,FALSE_POSITIVE,2026-03-11 12:42:00,iso_space,high,
EDR001831,2026-03-04 17:45:48,D9003,U0226,Credential Access,sccm_client.exe,LOW,Open,NEEDS_INVESTIGATION,2026-03-04 17:45:48,iso_space,Low,UNKNOWN_DEVICE_REF
EDR001645,2026-03-10 12:37:57,D0129,U0364,Unusual Network,chrome.exe,MEDIUM,Open,NEEDS_INVESTIGATION,2026-03-10T12:37:57Z,iso_z,MEDIUM,
EDR000258,2026-03-08 17:55:55,D0161,U0066,Suspicious Process,python.exe,LOW,Closed,FALSE_POSITIVE,2026-03-08 17:55:55,iso_space,low,
EDR000980,2026-03-05 12:09:05,D0073,U0324,PUP Detected,chrome.exe,MEDIUM,Closed,FALSE_POSITIVE,2026-03-05 12:09:05,iso_space,medium,
EDR000419,2026-03-19 17:06:23,D0099,U0019,Unusual Network,outlook.exe,MEDIUM,In Progress,FALSE_POSITIVE,2026-03-19T17:06:23Z,iso_z,MEDIUM,
EDR001564,2026-03-11 19:09:00,D0136,U0220,Suspicious Process,backup_agent.exe,HIGH,Closed,,2026-03-11 19:09:00,iso_space,high,MISSING_ANALYST_DECISION
EDR000924,2026-03-12 10:50:53,D0165,U0019,Suspicious Process,teams.exe,HIGH,Open,FALSE_POSITIVE,2026-03-12 10:50:53,iso_space,HIGH,
EDR000488,2026-03-05 08:29:25,D0080,U0270,Suspicious Process,chrome.exe,MEDIUM,Closed,FALSE_POSITIVE,2026-03-05 08:29:25,iso_space,MEDIUM,
EDR001127,2026-03-05 11:24:24,D0050,U0341,Unusual Network,python.exe,HIGH,Closed,FALSE_POSITIVE,2026-03-05 11:24:24,iso_space,High,
EDR000723,2026-03-15 10:06:41,D0005,U0391,Suspicious Process,teams.exe,HIGH,Closed,FALSE_POSITIVE,2026-03-15T10:06:41Z,iso_z,High,
EDR000020,2026-03-18 11:19:43,D0030,U0087,Suspicious Process,antivirus_update.exe,HIGH,Open,FALSE_POSITIVE,2026-03-18T11:19:43Z,iso_z,High,
EDR001165,2026-03-06 17:14:41,D0120,U0276,PUP Detected,inventory_scan.exe,HIGH,In Progress,FALSE_POSITIVE,2026-03-06 17:14:41,iso_space,High,
EDR001663,2026-03-07 13:59:45,D0095,U0282,Ransomware Behaviour,inventory_scan.exe,LOW,In Progress,NEEDS_INVESTIGATION,2026-03-07 13:59:45,iso_space,low,
EDR000069,2026-03-14 10:41:16,D0139,U0355,PUP Detected,teams.exe,MEDIUM,Open,,2026-03-14 10:41:16,iso_space,medium,MISSING_ANALYST_DECISION
EDR001499,2026-03-11 15:54:00,D0074,U0301,Suspicious Process,backup_agent.exe,HIGH,Closed,FALSE_POSITIVE,2026-03-11T15:54:00Z,iso_z,High,
EDR001264,2026-03-11 04:09:00,D0018,U0160,Suspicious Process,backup_agent.exe,HIGH,Closed,FALSE_POSITIVE,2026-03-11T04:09:00Z,iso_z,HIGH,
EDR001405,2026-03-11 11:12:00,D0179,U0043,Suspicious Process,backup_agent.exe,HIGH,Closed,,2026-03-11 11:12:00,iso_space,High,MISSING_ANALYST_DECISION
EDR000562,2026-03-20 12:34:24,D0124,U0256,Unusual Network,teams.exe,HIGH,In Progress,FALSE_POSITIVE,2026-03-20 12:34:24,iso_space,high,
EDR000492,2026-03-05 08:46:19,D0112,U0082,Suspicious Process,python.exe,LOW,Closed,FALSE_POSITIVE,2026-03-05 08:46:19,iso_space,Low,
EDR000615,2026-03-12 19:50:34,D0090,U0128,Suspicious Process,antivirus_update.exe,HIGH,In Progress,FALSE_POSITIVE,2026-03-12T19:50:34Z,iso_z,High,
EDR001763,2026-03-04 08:54:13,D0043,U0047,Malware Signature,rundll32.exe,CRITICAL,Closed,TRUE_POSITIVE,2026-03-04 08:54:13,iso_space,critical,
EDR001479,2026-03-11 14:54:00,D0148,U0120,Suspicious Process,backup_agent.exe,HIGH,Closed,FALSE_POSITIVE,2026-03-11 14:54:00,iso_space,HIGH,
EDR001476,2026-03-11 14:45:00,D0173,U0393,Suspicious Process,backup_agent.exe,HIGH,Closed,FALSE_POSITIVE,2026-03-11 14:45:00,iso_space,high,
EDR001059,2026-03-07 14:25:34,D0135,U0034,Suspicious Process,sccm_client.exe,MEDIUM,In Progress,FALSE_POSITIVE,2026-03-07 14:25:34,iso_space,medium,
EDR000930,2026-03-12 13:22:56,D0193,U0160,Unusual Network,chrome.exe,HIGH,Open,FALSE_POSITIVE,2026-03-12 13:22:56,iso_space,High,
EDR000890,2026-03-04 09:58:01,D0174,U0093,Suspicious Process,antivirus_update.exe,HIGH,Open,FALSE_POSITIVE,2026-03-04 09:58:01,iso_space,High,
EDR001498,2026-03-11 15:51:00,D0184,U0255,Suspicious Process,backup_agent.exe,HIGH,Closed,FALSE_POSITIVE,2026-03-11 15:51:00,iso_space,High,
EDR000006,2026-03-07 09:16:41,D0162,U0198,Suspicious Process,inventory_scan.exe,HIGH,In Progress,FALSE_POSITIVE,2026-03-07 09:16:41,iso_space,high,
EDR000054,2026-03-04 10:20:20,D0065,U0333,Unusual Network,outlook.exe,MEDIUM,Closed,FALSE_POSITIVE,2026-03-04 10:20:20,iso_space,Medium,
EDR000618,2026-03-11 18:45:44,D0147,U0237,Suspicious Process,inventory_scan.exe,MEDIUM,Open,FALSE_POSITIVE,2026-03-11 18:45:44,iso_space,MEDIUM,
EDR001209,2026-03-11 01:24:00,D0022,U0084,Suspicious Process,backup_agent.exe,HIGH,Closed,FALSE_POSITIVE,2026-03-11 01:24:00,iso_space,high,
EDR000175,2026-03-16 12:36:31,D0100,U0032,Suspicious Process,antivirus_update.exe,LOW,Closed,FALSE_POSITIVE,2026-03-16 12:36:31,iso_space,low,
EDR000289,2026-03-04 18:53:09,D0014,U0018,PUP Detected,antivirus_update.exe,MEDIUM,Closed,FALSE_POSITIVE,2026-03-04T18:53:09Z,iso_z,medium,
EDR000063,2026-03-10 15:32:23,D0039,U0170,Suspicious Process,inventory_scan.exe,LOW,In Progress,FALSE_POSITIVE,2026-03-10 15:32:23,iso_space,Low,
EDR001412,2026-03-11 11:33:00,D0028,U0324,Suspicious Process,backup_agent.exe,HIGH,Closed,FALSE_POSITIVE,2026-03-11 11:33:00,iso_space,High,
EDR001056,2026-03-12 08:47:44,D0073,U0083,PUP Detected,teams.exe,LOW,In Progress,FALSE_POSITIVE,2026-03-12 08:47:44,iso_space,low,
EDR001287,2026-03-11 05:18:00,D0088,U0201,Suspicious Process,backup_agent.exe,HIGH,Closed,FALSE_POSITIVE,2026-03-11 05:18:00,iso_space,high,
EDR001000,2026-03-11 13:04:00,D0095,U0244,Suspicious Process,chrome.exe,LOW,Open,FALSE_POSITIVE,2026-03-11 13:04:00,iso_space,Low,
EDR001349,2026-03-11 08:24:00,D0011,U0099,Suspicious Process,backup_agent.exe,HIGH,Closed,FALSE_POSITIVE,2026-03-11 08:24:00,iso_space,HIGH,
EDR000533,2026-03-05 18:45:02,D0195,U0276,Suspicious Process,inventory_scan.exe,MEDIUM,In Progress,FALSE_POSITIVE,2026-03-05 18:45:02,iso_space,medium,
EDR001799,2026-03-12 03:39:00,D0003,U0007,Persistence Attempt,rundll32.exe,HIGH,In Progress,NEEDS_INVESTIGATION,2026-03-12 03:39:00,iso_space,HIGH,
EDR001065,2026-03-18 14:57:13,D0157,U0152,PUP Detected,outlook.exe,LOW,Closed,FALSE_POSITIVE,2026-03-18 14:57:13,iso_space,low,
EDR001072,2026-03-03 15:53:53,D0018,U0209,PUP Detected,python.exe,MEDIUM,Open,FALSE_POSITIVE,2026-03-03 15:53:53,iso_space,Medium,
EDR001355,2026-03-11 08:42:00,D0121,U0088,Suspicious Process,backup_agent.exe,HIGH,Closed,FALSE_POSITIVE,2026-03-11T08:42:00Z,iso_z,high,
EDR000297,2026-03-09 15:30:26,D0030,U0336,Unusual Network,python.exe,MEDIUM,Open,FALSE_POSITIVE,2026-03-09T15:30:26Z,iso_z,medium,
EDR000398,2026-03-22 10:37:08,D0100,U0360,PUP Detected,teams.exe,HIGH,Closed,FALSE_POSITIVE,2026-03-22 10:37:08,iso_space,HIGH,
EDR000475,2026-03-08 10:02:34,D0038,U0145,Suspicious Process,teams.exe,MEDIUM,In Progress,FALSE_POSITIVE,2026-03-08 10:02:34,iso_space,medium,
EDR000968,2026-03-12 15:40:57,D0069,U0097,Unusual Network,chrome.exe,HIGH,In Progress,FALSE_POSITIVE,2026-03-12 15:40:57,iso_space,HIGH,
EDR000172,2026-03-20 16:14:47,D0172,U0374,Unusual Network,inventory_scan.exe,HIGH,Open,FALSE_POSITIVE,2026-03-20 16:14:47,iso_space,high,
EDR000961,2026-03-12 16:39:55,D0011,U0171,Suspicious Process,teams.exe,LOW,Open,FALSE_POSITIVE,2026-03-12 16:39:55,iso_space,LOW,
EDR000018,2026-03-02 12:19:03,D0060,U0103,Suspicious Process,chrome.exe,MEDIUM,Closed,,2026-03-02 12:19:03,iso_space,MEDIUM,MISSING_ANALYST_DECISION
EDR000880,2026-03-07 11:40:19,D0033,U0227,PUP Detected,teams.exe,HIGH,In Progress,FALSE_POSITIVE,2026-03-07 11:40:19,iso_space,high,
EDR001395,2026-03-11 10:42:00,D0189,U0168,Suspicious Process,backup_agent.exe,HIGH,Closed,FALSE_POSITIVE,2026-03-11 10:42:00,iso_space,High,
EDR000547,2026-03-18 09:00:22,D0050,U0237,Unusual Network,python.exe,LOW,Open,FALSE_POSITIVE,2026-03-18T09:00:22Z,iso_z,LOW,
EDR001422,2026-03-11 12:03:00,D0124,U0218,Suspicious Process,backup_agent.exe,HIGH,Closed,FALSE_POSITIVE,2026-03-11 12:03:00,iso_space,high,
EDR000060,2026-03-04 18:44:54,D0112,U0069,Unusual Network,inventory_scan.exe,HIGH,Open,FALSE_POSITIVE,2026-03-04 18:44:54,iso_space,High,
EDR001080,2026-03-12 08:28:54,D0168,U0307,PUP Detected,teams.exe,MEDIUM,Open,FALSE_POSITIVE,2026-03-12T08:28:54Z,iso_z,Medium,
EDR001038,2026-03-12 15:51:48,D0088,U0354,Unusual Network,python.exe,LOW,Open,,2026-03-12 15:51:48,iso_space,Low,MISSING_ANALYST_DECISION
EDR000196,2026-03-03 09:14:02,D0075,U0079,Unusual Network,antivirus_update.exe,HIGH,In Progress,FALSE_POSITIVE,2026-03-03 09:14:02,iso_space,high,
EDR001438,2026-03-11 12:51:00,D0022,U0263,Suspicious Process,backup_agent.exe,HIGH,Closed,,2026-03-11 12:51:00,iso_space,high,MISSING_ANALYST_DECISION
EDR000246,2026-03-04 10:31:21,D0174,U0289,Suspicious Process,inventory_scan.exe,MEDIUM,Closed,FALSE_POSITIVE,2026-03-04T10:31:21Z,iso_z,MEDIUM,
EDR000951,2026-03-10 18:55:38,D0001,U0384,PUP Detected,inventory_scan.exe,HIGH,In Progress,FALSE_POSITIVE,2026-03-10T18:55:38Z,iso_z,HIGH,
EDR000738,2026-03-03 13:04:16,D0134,U0260,Unusual Network,chrome.exe,LOW,Closed,FALSE_POSITIVE,2026-03-03 13:04:16,iso_space,low,
EDR000598,2026-03-16 17:28:06,D0054,U0004,Suspicious Process,inventory_scan.exe,HIGH,Open,FALSE_POSITIVE,2026-03-16 17:28:06,iso_space,HIGH,
EDR000956,2026-03-12 15:15:51,D0147,U0283,Suspicious Process,python.exe,MEDIUM,Open,FALSE_POSITIVE,2026-03-12 15:15:51,iso_space,MEDIUM,
EDR000705,2026-03-15 11:36:37,D0049,U0091,Unusual Network,inventory_scan.exe,LOW,In Progress,FALSE_POSITIVE,2026-03-15 11:36:37,iso_space,Low,
EDR000070,2026-03-03 17:55:38,D0144,U0243,PUP Detected,outlook.exe,MEDIUM,Open,FALSE_POSITIVE,2026-03-03 17:55:38,iso_space,MEDIUM,
EDR001621,2026-03-20 13:47:30,D0084,U0379,Malware Signature,powershell_enc.exe,HIGH,Open,NEEDS_INVESTIGATION,2026-03-20 13:47:30,iso_space,High,
EDR001415,2026-03-11 11:42:00,D0183,U0095,Suspicious Process,backup_agent.exe,HIGH,Closed,FALSE_POSITIVE,2026-03-11 11:42:00,iso_space,High,
EDR001030,2026-03-21 12:14:57,D0023,U0375,PUP Detected,chrome.exe,MEDIUM,In Progress,,2026-03-21 12:14:57,iso_space,medium,MISSING_ANALYST_DECISION
EDR001170,2026-03-17 09:37:57,D0154,U0172,Suspicious Process,python.exe,LOW,In Progress,FALSE_POSITIVE,2026-03-17 09:37:57,iso_space,LOW,
EDR000838,2026-03-16 17:00:12,D0081,U0327,PUP Detected,outlook.exe,LOW,Open,FALSE_POSITIVE,2026-03-16 17:00:12,iso_space,Low,
EDR000889,2026-03-22 17:24:37,D0043,U0129,Unusual Network,outlook.exe,MEDIUM,Closed,,2026-03-22T17:24:37Z,iso_z,medium,MISSING_ANALYST_DECISION
EDR001047,2026-03-15 12:47:56,D0101,U0394,Unusual Network,outlook.exe,MEDIUM,Open,FALSE_POSITIVE,2026-03-15T12:47:56Z,iso_z,Medium,
EDR001842,2026-03-05 10:36:12,D9006,U0228,Unusual Network,python.exe,LOW,Open,NEEDS_INVESTIGATION,2026-03-05T10:36:12Z,iso_z,Low,UNKNOWN_DEVICE_REF
EDR001413,2026-03-11 11:36:00,D0146,U0100,Suspicious Process,backup_agent.exe,HIGH,Closed,,2026-03-11T11:36:00Z,iso_z,High,MISSING_ANALYST_DECISION
EDR000254,2026-03-05 17:03:35,D0069,U0385,Unusual Network,sccm_client.exe,HIGH,Open,FALSE_POSITIVE,2026-03-05 17:03:35,iso_space,HIGH,
EDR001067,2026-03-18 15:18:34,D0089,U0076,PUP Detected,antivirus_update.exe,LOW,In Progress,FALSE_POSITIVE,2026-03-18T15:18:34Z,iso_z,Low,
EDR001202,2026-03-11 01:03:00,D0159,U0007,Suspicious Process,backup_agent.exe,HIGH,Closed,FALSE_POSITIVE,2026-03-11 01:03:00,iso_space,HIGH,
EDR000404,2026-03-17 17:56:04,D0064,U0098,Unusual Network,antivirus_update.exe,MEDIUM,Open,FALSE_POSITIVE,2026-03-17 17:56:04,iso_space,MEDIUM,
EDR001403,2026-03-11 11:06:00,D0137,U0085,Suspicious Process,backup_agent.exe,HIGH,Closed,FALSE_POSITIVE,2026-03-11 11:06:00,iso_space,High,
EDR000323,2026-03-16 09:35:36,D0185,U0060,Unusual Network,python.exe,HIGH,Closed,FALSE_POSITIVE,2026-03-16 09:35:36,iso_space,HIGH,
EDR001735,2026-03-17 18:42:07,D0170,U0021,Credential Access,rundll32.exe,CRITICAL,Closed,TRUE_POSITIVE,2026-03-17 18:42:07,iso_space,critical,
EDR000016,2026-03-20 13:22:41,D0022,U0057,PUP Detected,teams.exe,MEDIUM,Closed,FALSE_POSITIVE,2026-03-20 13:22:41,iso_space,MEDIUM,
EDR000385,2026-03-06 15:05:15,D0039,U0021,PUP Detected,sccm_client.exe,LOW,Closed,FALSE_POSITIVE,2026-03-06 15:05:15,iso_space,low,
EDR000073,2026-03-13 19:18:18,D0150,U0393,Suspicious Process,python.exe,LOW,In Progress,FALSE_POSITIVE,2026-03-13 19:18:18,iso_space,LOW,
EDR001371,2026-03-11 09:30:00,D0120,U0043,Suspicious Process,backup_agent.exe,HIGH,Closed,FALSE_POSITIVE,2026-03-11 09:30:00,iso_space,high,
EDR000921,2026-03-11 14:25:25,D0195,U0241,PUP Detected,inventory_scan.exe,MEDIUM,Open,,2026-03-11 14:25:25,iso_space,Medium,MISSING_ANALYST_DECISION
EDR000688,2026-03-22 08:15:06,D0076,U0110,Suspicious Process,antivirus_update.exe,LOW,Closed,,2026-03-22T08:15:06Z,iso_z,low,MISSING_ANALYST_DECISION
EDR000312,2026-03-14 15:26:32,D0079,U0166,Suspicious Process,inventory_scan.exe,MEDIUM,In Progress,FALSE_POSITIVE,2026-03-14 15:26:32,iso_space,Medium,
EDR000089,2026-03-12 13:11:36,D0153,U0023,Unusual Network,python.exe,HIGH,In Progress,FALSE_POSITIVE,2026-03-12T13:11:36Z,iso_z,HIGH,
EDR001579,2026-03-11 19:54:00,D0168,U0265,Suspicious Process,backup_agent.exe,HIGH,Closed,FALSE_POSITIVE,2026-03-11 19:54:00,iso_space,High,
EDR000678,2026-03-07 14:38:57,D0010,U0167,PUP Detected,antivirus_update.exe,LOW,Closed,FALSE_POSITIVE,2026-03-07 14:38:57,iso_space,low,
EDR000284,2026-03-10 14:41:35,D0148,U0073,PUP Detected,inventory_scan.exe,MEDIUM,Closed,FALSE_POSITIVE,2026-03-10 14:41:35,iso_space,medium,
EDR000097,2026-03-04 16:42:01,D0172,U0166,PUP Detected,antivirus_update.exe,MEDIUM,Closed,FALSE_POSITIVE,2026-03-04 16:42:01,iso_space,MEDIUM,
EDR001391,2026-03-11 10:30:00,D0080,U0110,Suspicious Process,backup_agent.exe,HIGH,Closed,FALSE_POSITIVE,2026-03-11T10:30:00Z,iso_z,high,
EDR000855,2026-03-07 11:40:03,D0068,U0028,PUP Detected,antivirus_update.exe,LOW,Closed,FALSE_POSITIVE,2026-03-07 11:40:03,iso_space,LOW,
EDR000105,2026-03-05 17:18:18,D0126,U0115,Suspicious Process,python.exe,LOW,Closed,FALSE_POSITIVE,2026-03-05 17:18:18,iso_space,low,
EDR000376,2026-03-03 18:05:42,D0048,U0104,Unusual Network,chrome.exe,MEDIUM,Closed,FALSE_POSITIVE,2026-03-03 18:05:42,iso_space,Medium,
EDR000272,2026-03-21 13:25:58,D0086,U0081,Suspicious Process,antivirus_update.exe,HIGH,Closed,FALSE_POSITIVE,2026-03-21 13:25:58,iso_space,high,
EDR001732,2026-03-02 18:49:38,D0061,U0068,Credential Access,cryptolock.exe,HIGH,Closed,TRUE_POSITIVE,2026-03-02T18:49:38Z,iso_z,HIGH,
EDR001106,2026-03-11 15:27:49,D0076,U0124,PUP Detected,python.exe,MEDIUM,In Progress,FALSE_POSITIVE,2026-03-11 15:27:49,iso_space,MEDIUM,
EDR000217,2026-03-19 16:26:29,D0089,U0249,Suspicious Process,sccm_client.exe,HIGH,In Progress,FALSE_POSITIVE,2026-03-19T16:26:29Z,iso_z,High,
EDR001771,2026-03-02 15:33:55,D0021,U0209,PowerShell Abuse,powershell_enc.exe,HIGH,Closed,,2026-03-02 15:33:55,iso_space,HIGH,MISSING_ANALYST_DECISION
EDR000667,2026-03-07 15:24:44,D0083,U0353,Unusual Network,antivirus_update.exe,LOW,In Progress,FALSE_POSITIVE,2026-03-07 15:24:44,iso_space,Low,
EDR001113,2026-03-15 09:25:36,D0125,U0135,Unusual Network,chrome.exe,MEDIUM,Open,FALSE_POSITIVE,2026-03-15T09:25:36Z,iso_z,Medium,
EDR001639,2026-03-06 17:52:34,D0119,U0370,PowerShell Abuse,cryptolock.exe,HIGH,Open,NEEDS_INVESTIGATION,2026-03-06 17:52:34,iso_space,high,
EDR000548,2026-03-05 17:21:32,D0140,U0264,PUP Detected,outlook.exe,MEDIUM,Open,FALSE_POSITIVE,2026-03-05 17:21:32,iso_space,Medium,
EDR000159,2026-03-17 19:27:33,D0091,U0286,Suspicious Process,antivirus_update.exe,LOW,Closed,,2026-03-17 19:27:33,iso_space,Low,MISSING_ANALYST_DECISION
EDR000825,2026-03-13 09:22:27,D0164,U0044,Suspicious Process,chrome.exe,MEDIUM,In Progress,FALSE_POSITIVE,2026-03-13 09:22:27,iso_space,MEDIUM,
EDR001638,2026-03-15 15:05:49,D0103,U0046,PowerShell Abuse,rundll32.exe,MEDIUM,In Progress,NEEDS_INVESTIGATION,2026-03-15 15:05:49,iso_space,Medium,
EDR000015,2026-03-09 14:05:19,D0022,U0080,Suspicious Process,inventory_scan.exe,MEDIUM,Closed,,2026-03-09 14:05:19,iso_space,medium,MISSING_ANALYST_DECISION
EDR000227,2026-03-12 12:29:54,D0018,U0168,Suspicious Process,teams.exe,LOW,Closed,FALSE_POSITIVE,2026-03-12T12:29:54Z,iso_z,Low,
EDR001664,2026-03-19 14:36:26,D0120,U0168,Persistence Attempt,sccm_client.exe,LOW,Open,NEEDS_INVESTIGATION,2026-03-19T14:36:26Z,iso_z,low,
EDR000453,2026-03-13 08:45:17,D0169,U0113,PUP Detected,sccm_client.exe,MEDIUM,In Progress,,2026-03-13T08:45:17Z,iso_z,MEDIUM,MISSING_ANALYST_DECISION
EDR001575,2026-03-11 19:42:00,D0111,U0097,Suspicious Process,backup_agent.exe,HIGH,Closed,FALSE_POSITIVE,2026-03-11 19:42:00,iso_space,High,
EDR000641,2026-03-22 09:39:54,D0150,U0183,Unusual Network,antivirus_update.exe,MEDIUM,In Progress,FALSE_POSITIVE,2026-03-22T09:39:54Z,iso_z,medium,
EDR000621,2026-03-10 18:51:52,D0069,U0066,Unusual Network,teams.exe,MEDIUM,In Progress,FALSE_POSITIVE,2026-03-10 18:51:52,iso_space,MEDIUM,
EDR001134,2026-03-04 12:06:59,D0048,U0160,PUP Detected,chrome.exe,HIGH,In Progress,FALSE_POSITIVE,2026-03-04 12:06:59,iso_space,HIGH,
EDR000137,2026-03-14 15:05:55,D0130,U0217,PUP Detected,outlook.exe,HIGH,Closed,,2026-03-14 15:05:55,iso_space,high,MISSING_ANALYST_DECISION
EDR000128,2026-03-04 11:48:29,D0092,U0012,Unusual Network,antivirus_update.exe,HIGH,In Progress,,2026-03-04 11:48:29,iso_space,High,MISSING_ANALYST_DECISION
EDR000517,2026-03-15 19:38:28,D0137,U0312,PUP Detected,chrome.exe,HIGH,Closed,FALSE_POSITIVE,2026-03-15 19:38:28,iso_space,HIGH,
EDR000611,2026-03-20 18:43:42,D0070,U0372,Unusual Network,sccm_client.exe,HIGH,Closed,FALSE_POSITIVE,2026-03-20 18:43:42,iso_space,high,
EDR000473,2026-03-07 12:50:38,D0089,U0270,Suspicious Process,inventory_scan.exe,MEDIUM,In Progress,FALSE_POSITIVE,2026-03-07T12:50:38Z,iso_z,Medium,
EDR001506,2026-03-11 16:15:00,D0091,U0042,Suspicious Process,backup_agent.exe,HIGH,Closed,FALSE_POSITIVE,2026-03-11 16:15:00,iso_space,High,
EDR000999,2026-03-05 18:28:20,D0187,U0094,PUP Detected,sccm_client.exe,LOW,In Progress,FALSE_POSITIVE,2026-03-05 18:28:20,iso_space,LOW,
EDR001268,2026-03-11 04:21:00,D0071,U0272,Suspicious Process,backup_agent.exe,HIGH,Closed,FALSE_POSITIVE,2026-03-11 04:21:00,iso_space,high,
EDR001129,2026-03-09 10:04:02,D0190,U0126,PUP Detected,chrome.exe,LOW,Open,,2026-03-09T10:04:02Z,iso_z,low,MISSING_ANALYST_DECISION
EDR001738,2026-03-07 17:05:49,D0151,U0363,Credential Access,cryptolock.exe,CRITICAL,Closed,TRUE_POSITIVE,2026-03-07 17:05:49,iso_space,CRITICAL,
EDR001806,2026-03-12 04:00:00,D0003,U0007,PowerShell Abuse,cryptolock.exe,HIGH,Open,TRUE_POSITIVE,2026-03-12 04:00:00,iso_space,high,
EDR000861,2026-03-06 19:44:22,D0059,U0281,Suspicious Process,chrome.exe,LOW,In Progress,FALSE_POSITIVE,2026-03-06 19:44:22,iso_space,low,
EDR001696,2026-03-09 09:35:17,D0090,U0090,Ransomware Behaviour,chrome.exe,CRITICAL,In Progress,NEEDS_INVESTIGATION,2026-03-09 09:35:17,iso_space,CRITICAL,
EDR000513,2026-03-18 14:43:14,D0164,U0365,Suspicious Process,outlook.exe,HIGH,Open,FALSE_POSITIVE,2026-03-18 14:43:14,iso_space,High,
EDR000795,2026-03-11 09:55:03,D0040,U0086,Suspicious Process,teams.exe,HIGH,Open,FALSE_POSITIVE,2026-03-11 09:55:03,iso_space,HIGH,
EDR001602,2026-03-18 18:19:00,D0013,U0249,Suspicious Process,cryptolock.exe,CRITICAL,Closed,FALSE_POSITIVE,2026-03-18T18:19:00Z,iso_z,CRITICAL,
EDR000665,2026-03-14 15:26:18,D0177,U0031,PUP Detected,sccm_client.exe,MEDIUM,Open,FALSE_POSITIVE,2026-03-14 15:26:18,iso_space,medium,
EDR001615,2026-03-19 11:43:08,D0159,U0181,Ransomware Behaviour,powershell_enc.exe,MEDIUM,In Progress,NEEDS_INVESTIGATION,2026-03-19 11:43:08,iso_space,Medium,
EDR000395,2026-03-08 17:14:41,D0098,U0027,Unusual Network,sccm_client.exe,LOW,Closed,FALSE_POSITIVE,2026-03-08T17:14:41Z,iso_z,Low,
EDR000206,2026-03-02 14:03:53,D0149,U0079,PUP Detected,outlook.exe,HIGH,In Progress,FALSE_POSITIVE,2026-03-02 14:03:53,iso_space,high,
EDR000214,2026-03-14 13:21:17,D0192,U0293,PUP Detected,python.exe,HIGH,Closed,FALSE_POSITIVE,2026-03-14 13:21:17,iso_space,High,
EDR001233,2026-03-11 02:36:00,D0082,U0176,Suspicious Process,backup_agent.exe,HIGH,Closed,FALSE_POSITIVE,2026-03-11 02:36:00,iso_space,High,
EDR000967,2026-03-05 11:21:11,D0152,U0351,PUP Detected,sccm_client.exe,MEDIUM,Open,FALSE_POSITIVE,2026-03-05T11:21:11Z,iso_z,Medium,
EDR000690,2026-03-04 09:31:53,D0192,U0207,PUP Detected,inventory_scan.exe,MEDIUM,In Progress,FALSE_POSITIVE,2026-03-04 09:31:53,iso_space,MEDIUM,
EDR000508,2026-03-20 13:17:16,D0048,U0083,PUP Detected,sccm_client.exe,HIGH,Open,FALSE_POSITIVE,2026-03-20 13:17:16,iso_space,high,
EDR001551,2026-03-11 18:30:00,D0120,U0037,Suspicious Process,backup_agent.exe,HIGH,Closed,FALSE_POSITIVE,2026-03-11 18:30:00,iso_space,high,
EDR000065,2026-03-03 09:41:05,D0163,U0269,Suspicious Process,python.exe,MEDIUM,Open,FALSE_POSITIVE,2026-03-03 09:41:05,iso_space,Medium,
EDR001750,2026-03-21 09:15:45,D0001,U0343,Malware Signature,powershell_enc.exe,HIGH,Closed,TRUE_POSITIVE,2026-03-21 09:15:45,iso_space,high,
EDR001583,2026-03-06 09:50:05,D0095,U0356,Unusual Network,psexec.exe,CRITICAL,In Progress,,2026-03-06 09:50:05,iso_space,Critical,MISSING_ANALYST_DECISION
EDR000245,2026-03-08 08:51:22,D0055,U0284,Suspicious Process,outlook.exe,HIGH,Closed,,2026-03-08 08:51:22,iso_space,HIGH,MISSING_ANALYST_DECISION
EDR001028,2026-03-08 17:10:41,D0094,U0387,Unusual Network,antivirus_update.exe,HIGH,In Progress,FALSE_POSITIVE,2026-03-08 17:10:41,iso_space,high,
EDR000791,2026-03-03 18:22:58,D0121,U0323,Suspicious Process,sccm_client.exe,LOW,Closed,FALSE_POSITIVE,2026-03-03 18:22:58,iso_space,LOW,
EDR001617,2026-03-09 08:55:38,D0175,U0100,Unusual Network,python.exe,HIGH,Open,NEEDS_INVESTIGATION,2026-03-09T08:55:38Z,iso_z,HIGH,
EDR000529,2026-03-04 16:08:43,D0030,U0149,Suspicious Process,outlook.exe,LOW,Closed,FALSE_POSITIVE,2026-03-04 16:08:43,iso_space,Low,
EDR001809,2026-03-12 04:09:00,D0003,U0007,PowerShell Abuse,cryptolock.exe,HIGH,Open,TRUE_POSITIVE,2026-03-12 04:09:00,iso_space,HIGH,
EDR001717,2026-03-19 16:41:07,D0132,U0159,Persistence Attempt,powershell_enc.exe,LOW,Open,NEEDS_INVESTIGATION,2026-03-19 16:41:07,iso_space,LOW,
EDR001193,2026-03-11 00:36:00,D0162,U0214,Suspicious Process,backup_agent.exe,HIGH,Closed,FALSE_POSITIVE,2026-03-11T00:36:00Z,iso_z,High,
EDR000607,2026-03-15 09:06:39,D0087,U0241,Suspicious Process,outlook.exe,LOW,In Progress,FALSE_POSITIVE,2026-03-15 09:06:39,iso_space,Low,
EDR000867,2026-03-14 10:52:05,D0199,U0105,PUP Detected,inventory_scan.exe,LOW,Open,FALSE_POSITIVE,2026-03-14 10:52:05,iso_space,LOW,
EDR001463,2026-03-11 14:06:00,D0030,U0381,Suspicious Process,backup_agent.exe,HIGH,Closed,FALSE_POSITIVE,2026-03-11 14:06:00,iso_space,high,
EDR001212,2026-03-11 01:33:00,D0121,U0040,Suspicious Process,backup_agent.exe,HIGH,Closed,FALSE_POSITIVE,2026-03-11 01:33:00,iso_space,high,
EDR000072,2026-03-11 13:51:18,D0160,U0077,Suspicious Process,sccm_client.exe,HIGH,Closed,FALSE_POSITIVE,2026-03-11 13:51:18,iso_space,HIGH,
EDR000654,2026-03-08 11:40:31,D0064,U0174,Unusual Network,outlook.exe,HIGH,Open,FALSE_POSITIVE,2026-03-08T11:40:31Z,iso_z,High,
EDR000342,2026-03-09 15:44:38,D0056,U0330,Suspicious Process,inventory_scan.exe,MEDIUM,Open,FALSE_POSITIVE,2026-03-09 15:44:38,iso_space,medium,
EDR000721,2026-03-07 15:12:25,D0118,U0326,Unusual Network,inventory_scan.exe,HIGH,Open,,2026-03-07 15:12:25,iso_space,HIGH,MISSING_ANALYST_DECISION
EDR001223,2026-03-11 02:06:00,D0114,U0373,Suspicious Process,backup_agent.exe,HIGH,Closed,FALSE_POSITIVE,2026-03-11 02:06:00,iso_space,high,
EDR000134,2026-03-05 19:20:07,D0096,U0005,Suspicious Process,outlook.exe,MEDIUM,Closed,FALSE_POSITIVE,2026-03-05 19:20:07,iso_space,Medium,
EDR000794,2026-03-13 18:20:59,D0033,U0021,Suspicious Process,outlook.exe,MEDIUM,In Progress,FALSE_POSITIVE,2026-03-13 18:20:59,iso_space,MEDIUM,
EDR000306,2026-03-19 09:01:07,D0063,U0207,Unusual Network,antivirus_update.exe,HIGH,Open,FALSE_POSITIVE,2026-03-19T09:01:07Z,iso_z,High,
EDR001383,2026-03-11 10:06:00,D0112,U0070,Suspicious Process,backup_agent.exe,HIGH,Closed,FALSE_POSITIVE,2026-03-11 10:06:00,iso_space,High,
EDR000788,2026-03-20 10:22:14,D0021,U0330,PUP Detected,sccm_client.exe,MEDIUM,Closed,FALSE_POSITIVE,2026-03-20 10:22:14,iso_space,medium,
EDR000261,2026-03-09 14:33:44,D0037,U0357,Unusual Network,python.exe,MEDIUM,Open,FALSE_POSITIVE,2026-03-09 14:33:44,iso_space,MEDIUM,
EDR001566,2026-03-11 19:15:00,D0027,U0196,Suspicious Process,backup_agent.exe,HIGH,Closed,FALSE_POSITIVE,2026-03-11T19:15:00Z,iso_z,high,
EDR000749,2026-03-16 11:35:32,D0016,U0231,PUP Detected,inventory_scan.exe,LOW,Closed,FALSE_POSITIVE,2026-03-16 11:35:32,iso_space,LOW,
EDR001130,2026-03-13 16:44:56,D0121,U0060,PUP Detected,teams.exe,MEDIUM,Closed,FALSE_POSITIVE,2026-03-13T16:44:56Z,iso_z,Medium,
EDR000540,2026-03-14 19:30:28,D0152,U0264,Unusual Network,inventory_scan.exe,MEDIUM,In Progress,FALSE_POSITIVE,2026-03-14 19:30:28,iso_space,MEDIUM,
EDR001352,2026-03-11 08:33:00,D0185,U0214,Suspicious Process,backup_agent.exe,HIGH,Closed,FALSE_POSITIVE,2026-03-11 08:33:00,iso_space,High,
EDR001652,2026-03-03 10:05:52,D0055,U0028,Ransomware Behaviour,inventory_scan.exe,LOW,Open,NEEDS_INVESTIGATION,2026-03-03 10:05:52,iso_space,low,
EDR000377,2026-03-13 08:40:06,D0142,U0156,Suspicious Process,inventory_scan.exe,HIGH,Open,FALSE_POSITIVE,2026-03-13 08:40:06,iso_space,high,
EDR001580,2026-03-11 19:57:00,D0126,U0208,Suspicious Process,backup_agent.exe,HIGH,Closed,FALSE_POSITIVE,2026-03-11 19:57:00,iso_space,HIGH,
EDR000833,2026-03-08 14:13:32,D0002,U0052,Unusual Network,chrome.exe,MEDIUM,Open,FALSE_POSITIVE,2026-03-08 14:13:32,iso_space,medium,
EDR000209,2026-03-10 09:31:09,D0115,U0331,Suspicious Process,teams.exe,LOW,Closed,,2026-03-10 09:31:09,iso_space,low,MISSING_ANALYST_DECISION
EDR000715,2026-03-21 08:30:10,D0135,U0293,Unusual Network,chrome.exe,LOW,Closed,FALSE_POSITIVE,2026-03-21 08:30:10,iso_space,LOW,
EDR000126,2026-03-22 09:15:06,D0109,U0045,Suspicious Process,sccm_client.exe,MEDIUM,In Progress,FALSE_POSITIVE,2026-03-22 09:15:06,iso_space,medium,
EDR000783,2026-03-20 13:33:15,D0123,U0012,Suspicious Process,inventory_scan.exe,LOW,Open,FALSE_POSITIVE,2026-03-20T13:33:15Z,iso_z,LOW,
EDR001313,2026-03-11 06:36:00,D0196,U0354,Suspicious Process,backup_agent.exe,HIGH,Closed,FALSE_POSITIVE,2026-03-11 06:36:00,iso_space,HIGH,
EDR000391,2026-03-09 09:23:46,D0139,U0336,PUP Detected,python.exe,MEDIUM,Open,,2026-03-09T09:23:46Z,iso_z,Medium,MISSING_ANALYST_DECISION
EDR000681,2026-03-02 11:27:56,D0062,U0103,PUP Detected,python.exe,LOW,Closed,FALSE_POSITIVE,2026-03-02T11:27:56Z,iso_z,low,
EDR000902,2026-03-07 13:15:17,D0018,U0304,PUP Detected,outlook.exe,MEDIUM,Open,,2026-03-07 13:15:17,iso_space,MEDIUM,MISSING_ANALYST_DECISION
EDR001451,2026-03-11 13:30:00,D0181,U0309,Suspicious Process,backup_agent.exe,HIGH,Closed,FALSE_POSITIVE,2026-03-11 13:30:00,iso_space,High,
EDR000846,2026-03-05 18:44:21,D0145,U0005,Suspicious Process,inventory_scan.exe,MEDIUM,Open,FALSE_POSITIVE,2026-03-05T18:44:21Z,iso_z,MEDIUM,
EDR000179,2026-03-06 17:56:17,D0190,U0269,PUP Detected,antivirus_update.exe,HIGH,Closed,FALSE_POSITIVE,2026-03-06T17:56:17Z,iso_z,High,
EDR000400,2026-03-06 09:21:27,D0040,U0059,Suspicious Process,sccm_client.exe,LOW,Open,,2026-03-06T09:21:27Z,iso_z,LOW,MISSING_ANALYST_DECISION
EDR001051,2026-03-06 13:20:18,D0052,U0267,Unusual Network,chrome.exe,LOW,In Progress,FALSE_POSITIVE,2026-03-06 13:20:18,iso_space,Low,
EDR001359,2026-03-11 08:54:00,D0104,U0237,Suspicious Process,backup_agent.exe,HIGH,Closed,FALSE_POSITIVE,2026-03-11 08:54:00,iso_space,High,
EDR000495,2026-03-10 09:38:53,D0165,U0196,Unusual Network,python.exe,HIGH,Closed,,2026-03-10 09:38:53,iso_space,HIGH,MISSING_ANALYST_DECISION
EDR001597,2026-03-11 16:03:08,D0065,U0374,Malware Signature,chrome.exe,HIGH,Open,,2026-03-11T16:03:08Z,iso_z,HIGH,MISSING_ANALYST_DECISION
EDR000992,2026-03-14 17:06:38,D0180,U0029,PUP Detected,python.exe,LOW,Closed,FALSE_POSITIVE,2026-03-14 17:06:38,iso_space,LOW,
EDR001303,2026-03-11 06:06:00,D0072,U0268,Suspicious Process,backup_agent.exe,HIGH,Closed,FALSE_POSITIVE,2026-03-11T06:06:00Z,iso_z,high,
EDR001324,2026-03-11 07:09:00,D0073,U0162,Suspicious Process,backup_agent.exe,HIGH,Closed,FALSE_POSITIVE,2026-03-11 07:09:00,iso_space,HIGH,
EDR000211,2026-03-10 18:16:27,D0044,U0033,Suspicious Process,inventory_scan.exe,MEDIUM,Open,FALSE_POSITIVE,2026-03-10 18:16:27,iso_space,MEDIUM,
EDR000380,2026-03-09 14:54:57,D0149,U0071,PUP Detected,sccm_client.exe,MEDIUM,Closed,FALSE_POSITIVE,2026-03-09T14:54:57Z,iso_z,MEDIUM,
EDR000469,2026-03-02 13:45:13,D0152,U0362,PUP Detected,python.exe,HIGH,In Progress,FALSE_POSITIVE,2026-03-02 13:45:13,iso_space,HIGH,
EDR001632,2026-03-12 14:19:52,D0192,U0124,Unusual Network,outlook.exe,MEDIUM,Open,NEEDS_INVESTIGATION,2026-03-12 14:19:52,iso_space,medium,
EDR001091,2026-03-20 13:28:50,D0171,U0361,Unusual Network,antivirus_update.exe,MEDIUM,In Progress,FALSE_POSITIVE,2026-03-20 13:28:50,iso_space,MEDIUM,
EDR000352,2026-03-19 12:10:13,D0026,U0010,Unusual Network,chrome.exe,LOW,Closed,FALSE_POSITIVE,2026-03-19 12:10:13,iso_space,low,
EDR000050,2026-03-18 13:25:55,D0061,U0105,Unusual Network,inventory_scan.exe,HIGH,In Progress,FALSE_POSITIVE,2026-03-18T13:25:55Z,iso_z,High,
EDR001748,2026-03-07 11:16:05,D0046,U0071,Credential Access,cryptolock.exe,CRITICAL,Closed,TRUE_POSITIVE,2026-03-07 11:16:05,iso_space,Critical,
EDR001101,2026-03-16 14:03:30,D0194,U0117,Suspicious Process,sccm_client.exe,LOW,Closed,FALSE_POSITIVE,2026-03-16T14:03:30Z,iso_z,low,
EDR001544,2026-03-11 18:09:00,D0198,U0161,Suspicious Process,backup_agent.exe,HIGH,Closed,FALSE_POSITIVE,2026-03-11 18:09:00,iso_space,High,
EDR000241,2026-03-22 10:26:15,D0182,U0001,Suspicious Process,outlook.exe,LOW,Open,FALSE_POSITIVE,2026-03-22 10:26:15,iso_space,low,
EDR001132,2026-03-06 18:12:26,D0126,U0320,Unusual Network,teams.exe,MEDIUM,In Progress,FALSE_POSITIVE,2026-03-06T18:12:26Z,iso_z,medium,
EDR000559,2026-03-09 08:43:19,D0074,U0028,PUP Detected,inventory_scan.exe,MEDIUM,In Progress,FALSE_POSITIVE,2026-03-09 08:43:19,iso_space,MEDIUM,
EDR000243,2026-03-14 10:55:48,D0076,U0227,PUP Detected,teams.exe,HIGH,In Progress,FALSE_POSITIVE,2026-03-14T10:55:48Z,iso_z,high,
EDR001141,2026-03-05 19:01:38,D0037,U0121,Unusual Network,sccm_client.exe,LOW,In Progress,FALSE_POSITIVE,2026-03-05 19:01:38,iso_space,LOW,
EDR001715,2026-03-15 12:28:03,D0169,U0321,Suspicious Process,outlook.exe,CRITICAL,Open,NEEDS_INVESTIGATION,2026-03-15 12:28:03,iso_space,critical,
EDR001452,2026-03-11 13:33:00,D0187,U0194,Suspicious Process,backup_agent.exe,HIGH,Closed,FALSE_POSITIVE,2026-03-11 13:33:00,iso_space,high,
EDR000322,2026-03-14 14:52:43,D0153,U0001,PUP Detected,inventory_scan.exe,HIGH,In Progress,FALSE_POSITIVE,2026-03-14 14:52:43,iso_space,High,
EDR000142,2026-03-03 11:23:04,D0133,U0312,Suspicious Process,teams.exe,HIGH,Closed,FALSE_POSITIVE,2026-03-03 11:23:04,iso_space,HIGH,
EDR000317,2026-03-21 10:24:14,D0021,U0049,Suspicious Process,chrome.exe,LOW,Closed,FALSE_POSITIVE,2026-03-21 10:24:14,iso_space,Low,
EDR000960,2026-03-20 19:02:55,D0109,U0326,Suspicious Process,python.exe,LOW,Closed,FALSE_POSITIVE,2026-03-20 19:02:55,iso_space,LOW,
EDR001118,2026-03-16 11:03:59,D0107,U0096,Unusual Network,sccm_client.exe,LOW,In Progress,FALSE_POSITIVE,2026-03-16 11:03:59,iso_space,low,
EDR000939,2026-03-03 09:40:19,D0059,U0336,Unusual Network,outlook.exe,MEDIUM,Closed,FALSE_POSITIVE,2026-03-03 09:40:19,iso_space,medium,
EDR000632,2026-03-05 16:29:30,D0154,U0316,Suspicious Process,sccm_client.exe,HIGH,Open,FALSE_POSITIVE,2026-03-05 16:29:30,iso_space,High,
EDR001470,2026-03-11 14:27:00,D0084,U0111,Suspicious Process,backup_agent.exe,HIGH,Closed,,2026-03-11 14:27:00,iso_space,high,MISSING_ANALYST_DECISION
EDR001550,2026-03-11 18:27:00,D0014,U0338,Suspicious Process,backup_agent.exe,HIGH,Closed,FALSE_POSITIVE,2026-03-11T18:27:00Z,iso_z,HIGH,
EDR000710,2026-03-04 19:28:28,D0149,U0025,Unusual Network,outlook.exe,MEDIUM,Open,FALSE_POSITIVE,2026-03-04T19:28:28Z,iso_z,MEDIUM,
EDR001017,2026-03-13 19:25:31,D0098,U0211,Unusual Network,antivirus_update.exe,MEDIUM,Closed,FALSE_POSITIVE,2026-03-13 19:25:31,iso_space,Medium,
EDR000047,2026-03-02 09:22:56,D0069,U0295,PUP Detected,outlook.exe,LOW,Open,FALSE_POSITIVE,2026-03-02 09:22:56,iso_space,LOW,
EDR000913,2026-03-09 17:17:43,D0128,U0202,Unusual Network,antivirus_update.exe,MEDIUM,Open,FALSE_POSITIVE,2026-03-09 17:17:43,iso_space,Medium,
EDR000287,2026-03-12 15:29:04,D0162,U0233,PUP Detected,inventory_scan.exe,MEDIUM,Closed,FALSE_POSITIVE,2026-03-12 15:29:04,iso_space,medium,
EDR001020,2026-03-03 12:08:49,D0143,U0394,Suspicious Process,chrome.exe,HIGH,In Progress,,2026-03-03 12:08:49,iso_space,HIGH,MISSING_ANALYST_DECISION
EDR001700,2026-03-20 16:56:28,D0086,U0113,Malware Signature,chrome.exe,HIGH,Open,NEEDS_INVESTIGATION,2026-03-20 16:56:28,iso_space,HIGH,
EDR001094,2026-03-10 18:01:17,D0137,U0310,Suspicious Process,antivirus_update.exe,MEDIUM,In Progress,,2026-03-10 18:01:17,iso_space,medium,MISSING_ANALYST_DECISION
EDR000886,2026-03-02 10:29:07,D0200,U0124,Unusual Network,teams.exe,LOW,Closed,FALSE_POSITIVE,2026-03-02 10:29:07,iso_space,low,
EDR001475,2026-03-11 14:42:00,D0120,U0058,Suspicious Process,backup_agent.exe,HIGH,Closed,FALSE_POSITIVE,2026-03-11 14:42:00,iso_space,high,
EDR001378,2026-03-11 09:51:00,D0001,U0328,Suspicious Process,backup_agent.exe,HIGH,Closed,FALSE_POSITIVE,2026-03-11 09:51:00,iso_space,High,
EDR001384,2026-03-11 10:09:00,D0086,U0230,Suspicious Process,backup_agent.exe,HIGH,Closed,FALSE_POSITIVE,2026-03-11 10:09:00,iso_space,HIGH,
EDR000990,2026-03-17 11:48:31,D0140,U0311,Unusual Network,teams.exe,HIGH,In Progress,FALSE_POSITIVE,2026-03-17T11:48:31Z,iso_z,High,
EDR001280,2026-03-11 04:57:00,D0003,U0048,Suspicious Process,backup_agent.exe,HIGH,Closed,FALSE_POSITIVE,2026-03-11 04:57:00,iso_space,HIGH,
EDR000445,2026-03-16 18:49:05,D0149,U0181,Suspicious Process,sccm_client.exe,LOW,In Progress,FALSE_POSITIVE,2026-03-16 18:49:05,iso_space,LOW,
EDR001160,2026-03-19 11:45:09,D0085,U0141,PUP Detected,sccm_client.exe,LOW,Closed,FALSE_POSITIVE,2026-03-19 11:45:09,iso_space,low,
EDR001042,2026-03-13 11:18:40,D0194,U0006,Unusual Network,python.exe,LOW,Open,FALSE_POSITIVE,2026-03-13 11:18:40,iso_space,low,
EDR001540,2026-03-11 17:57:00,D0005,U0246,Suspicious Process,backup_agent.exe,HIGH,Closed,FALSE_POSITIVE,2026-03-11 17:57:00,iso_space,high,
EDR001099,2026-03-22 11:03:21,D0130,U0236,PUP Detected,chrome.exe,LOW,Closed,,2026-03-22 11:03:21,iso_space,LOW,MISSING_ANALYST_DECISION
EDR000090,2026-03-15 13:01:01,D0059,U0188,Suspicious Process,teams.exe,LOW,Closed,FALSE_POSITIVE,2026-03-15T13:01:01Z,iso_z,Low,
EDR000753,2026-03-17 16:15:15,D0073,U0071,PUP Detected,outlook.exe,MEDIUM,Closed,,2026-03-17 16:15:15,iso_space,Medium,MISSING_ANALYST_DECISION
EDR000962,2026-03-15 11:48:04,D0176,U0143,Unusual Network,outlook.exe,MEDIUM,Open,FALSE_POSITIVE,2026-03-15 11:48:04,iso_space,Medium,
EDR001720,2026-03-21 09:47:10,D0062,U0255,Unusual Network,inventory_scan.exe,CRITICAL,Open,NEEDS_INVESTIGATION,2026-03-21 09:47:10,iso_space,Critical,
EDR001562,2026-03-11 19:03:00,D0157,U0300,Suspicious Process,backup_agent.exe,HIGH,Closed,FALSE_POSITIVE,2026-03-11 19:03:00,iso_space,high,
EDR000433,2026-03-12 12:59:03,D0020,U0345,Unusual Network,sccm_client.exe,HIGH,Closed,FALSE_POSITIVE,2026-03-12 12:59:03,iso_space,HIGH,
EDR000163,2026-03-13 19:17:24,D0150,U0257,Suspicious Process,teams.exe,MEDIUM,Closed,FALSE_POSITIVE,2026-03-13 19:17:24,iso_space,MEDIUM,
EDR001025,2026-03-18 19:42:50,D0153,U0226,Unusual Network,teams.exe,LOW,Closed,FALSE_POSITIVE,2026-03-18 19:42:50,iso_space,LOW,
EDR001027,2026-03-20 08:18:20,D0050,U0236,PUP Detected,teams.exe,HIGH,Closed,FALSE_POSITIVE,2026-03-20 08:18:20,iso_space,High,
EDR000427,2026-03-06 13:37:36,D0085,U0196,Suspicious Process,antivirus_update.exe,MEDIUM,In Progress,FALSE_POSITIVE,2026-03-06 13:37:36,iso_space,medium,
EDR000556,2026-03-20 11:19:52,D0192,U0262,Unusual Network,antivirus_update.exe,LOW,In Progress,,2026-03-20 11:19:52,iso_space,low,MISSING_ANALYST_DECISION
EDR001538,2026-03-11 17:51:00,D0086,U0132,Suspicious Process,backup_agent.exe,HIGH,Closed,FALSE_POSITIVE,2026-03-11 17:51:00,iso_space,high,
EDR000687,2026-03-17 19:14:19,D0129,U0331,Unusual Network,outlook.exe,MEDIUM,Open,FALSE_POSITIVE,2026-03-17T19:14:19Z,iso_z,Medium,
EDR001655,2026-03-04 12:55:26,D0007,U0084,Ransomware Behaviour,powershell_enc.exe,HIGH,In Progress,NEEDS_INVESTIGATION,2026-03-04 12:55:26,iso_space,high,
EDR000969,2026-03-08 18:01:52,D0168,U0383,Unusual Network,inventory_scan.exe,HIGH,Open,FALSE_POSITIVE,2026-03-08 18:01:52,iso_space,high,
EDR001838,2026-03-19 13:23:45,D9005,U0218,Persistence Attempt,outlook.exe,CRITICAL,Open,NEEDS_INVESTIGATION,2026-03-19 13:23:45,iso_space,critical,UNKNOWN_DEVICE_REF
EDR000347,2026-03-03 15:39:41,D0179,U0040,Suspicious Process,teams.exe,MEDIUM,In Progress,FALSE_POSITIVE,2026-03-03T15:39:41Z,iso_z,medium,
EDR000332,2026-03-16 17:31:58,D0146,U0270,Suspicious Process,inventory_scan.exe,HIGH,Closed,FALSE_POSITIVE,2026-03-16 17:31:58,iso_space,HIGH,
EDR001275,2026-03-11 04:42:00,D0106,U0188,Suspicious Process,backup_agent.exe,HIGH,Closed,FALSE_POSITIVE,2026-03-11 04:42:00,iso_space,high,
EDR000629,2026-03-20 17:34:05,D0059,U0126,Suspicious Process,antivirus_update.exe,LOW,Closed,,2026-03-20 17:34:05,iso_space,LOW,MISSING_ANALYST_DECISION
EDR000149,2026-03-17 09:44:34,D0049,U0011,PUP Detected,teams.exe,MEDIUM,Closed,FALSE_POSITIVE,2026-03-17T09:44:34Z,iso_z,MEDIUM,
EDR001004,2026-03-10 09:09:49,D0073,U0177,Unusual Network,outlook.exe,LOW,Closed,FALSE_POSITIVE,2026-03-10 09:09:49,iso_space,low,
EDR000814,2026-03-21 13:54:55,D0064,U0036,Suspicious Process,antivirus_update.exe,MEDIUM,In Progress,FALSE_POSITIVE,2026-03-21 13:54:55,iso_space,medium,
EDR000627,2026-03-21 13:14:39,D0169,U0301,Unusual Network,antivirus_update.exe,HIGH,Open,,2026-03-21 13:14:39,iso_space,High,MISSING_ANALYST_DECISION
EDR001048,2026-03-10 15:37:12,D0196,U0330,PUP Detected,sccm_client.exe,HIGH,Open,FALSE_POSITIVE,2026-03-10 15:37:12,iso_space,HIGH,
EDR001529,2026-03-11 17:24:00,D0130,U0253,Suspicious Process,backup_agent.exe,HIGH,Closed,FALSE_POSITIVE,2026-03-11 17:24:00,iso_space,HIGH,
EDR001082,2026-03-08 13:53:36,D0008,U0138,Suspicious Process,python.exe,HIGH,Closed,FALSE_POSITIVE,2026-03-08T13:53:36Z,iso_z,HIGH,
EDR000993,2026-03-09 17:55:55,D0046,U0087,Suspicious Process,python.exe,HIGH,In Progress,FALSE_POSITIVE,2026-03-09 17:55:55,iso_space,HIGH,
EDR000240,2026-03-14 08:08:05,D0066,U0188,Unusual Network,outlook.exe,LOW,Open,,2026-03-14 08:08:05,iso_space,Low,MISSING_ANALYST_DECISION
EDR000348,2026-03-18 12:18:25,D0013,U0280,Suspicious Process,antivirus_update.exe,LOW,Open,FALSE_POSITIVE,2026-03-18 12:18:25,iso_space,Low,
EDR000580,2026-03-08 10:49:33,D0006,U0293,PUP Detected,chrome.exe,HIGH,Closed,FALSE_POSITIVE,2026-03-08 10:49:33,iso_space,High,
EDR000355,2026-03-06 15:09:20,D0130,U0146,Suspicious Process,antivirus_update.exe,MEDIUM,In Progress,FALSE_POSITIVE,2026-03-06 15:09:20,iso_space,MEDIUM,
EDR001835,2026-03-13 14:29:45,D9002,U0249,Unusual Network,rundll32.exe,CRITICAL,Closed,FALSE_POSITIVE,2026-03-13 14:29:45,iso_space,CRITICAL,UNKNOWN_DEVICE_REF
EDR000716,2026-03-11 14:23:19,D0031,U0391,Unusual Network,sccm_client.exe,HIGH,Open,FALSE_POSITIVE,2026-03-11 14:23:19,iso_space,high,
EDR000300,2026-03-22 12:02:26,D0190,U0263,Suspicious Process,outlook.exe,LOW,In Progress,FALSE_POSITIVE,2026-03-22 12:02:26,iso_space,LOW,
EDR001826,2026-03-21 19:03:00,D9006,U0380,Suspicious Process,antivirus_update.exe,HIGH,Open,NEEDS_INVESTIGATION,2026-03-21 19:03:00,iso_space,HIGH,UNKNOWN_DEVICE_REF
EDR001611,2026-03-07 18:42:10,D0097,U0020,PowerShell Abuse,inventory_scan.exe,LOW,Open,NEEDS_INVESTIGATION,2026-03-07T18:42:10Z,iso_z,low,
EDR001512,2026-03-11 16:33:00,D0041,U0341,Suspicious Process,backup_agent.exe,HIGH,Closed,FALSE_POSITIVE,2026-03-11 16:33:00,iso_space,High,
EDR001674,2026-03-03 19:29:08,D0051,U0023,Credential Access,mimikatz.exe,LOW,Open,NEEDS_INVESTIGATION,2026-03-03 19:29:08,iso_space,low,
EDR000239,2026-03-15 19:39:56,D0046,U0002,PUP Detected,inventory_scan.exe,HIGH,Closed,FALSE_POSITIVE,2026-03-15T19:39:56Z,iso_z,HIGH,
EDR001730,2026-03-19 14:36:54,D0128,U0313,PowerShell Abuse,teams.exe,HIGH,In Progress,NEEDS_INVESTIGATION,2026-03-19 14:36:54,iso_space,High,
EDR001810,2026-03-12 04:12:00,D0003,U0007,Persistence Attempt,psexec.exe,CRITICAL,Open,TRUE_POSITIVE,2026-03-12 04:12:00,iso_space,critical,
EDR000965,2026-03-20 10:25:05,D0125,U0393,Unusual Network,antivirus_update.exe,MEDIUM,In Progress,FALSE_POSITIVE,2026-03-20 10:25:05,iso_space,medium,
EDR001098,2026-03-18 17:09:57,D0150,U0251,PUP Detected,chrome.exe,HIGH,In Progress,FALSE_POSITIVE,2026-03-18 17:09:57,iso_space,High,
EDR000411,2026-03-17 19:47:17,D0137,U0366,PUP Detected,chrome.exe,MEDIUM,In Progress,FALSE_POSITIVE,2026-03-17 19:47:17,iso_space,medium,
EDR000720,2026-03-03 12:59:46,D0163,U0341,Suspicious Process,outlook.exe,LOW,Closed,FALSE_POSITIVE,2026-03-03T12:59:46Z,iso_z,low,
EDR001484,2026-03-11 15:09:00,D0154,U0359,Suspicious Process,backup_agent.exe,HIGH,Closed,FALSE_POSITIVE,2026-03-11T15:09:00Z,iso_z,High,
EDR001423,2026-03-11 12:06:00,D0181,U0370,Suspicious Process,backup_agent.exe,HIGH,Closed,FALSE_POSITIVE,2026-03-11 12:06:00,iso_space,High,
EDR000542,2026-03-02 13:45:50,D0132,U0287,Unusual Network,inventory_scan.exe,LOW,In Progress,FALSE_POSITIVE,2026-03-02 13:45:50,iso_space,Low,
EDR001852,2026-03-04 08:00:33,D9002,U0300,Credential Access,inventory_scan.exe,LOW,Open,NEEDS_INVESTIGATION,2026-03-04 08:00:33,iso_space,Low,UNKNOWN_DEVICE_REF
EDR001572,2026-03-11 19:33:00,D0163,U0124,Suspicious Process,backup_agent.exe,HIGH,Closed,FALSE_POSITIVE,2026-03-11 19:33:00,iso_space,High,
EDR000298,2026-03-15 18:18:19,D0169,U0242,PUP Detected,inventory_scan.exe,HIGH,Closed,FALSE_POSITIVE,2026-03-15T18:18:19Z,iso_z,High,
EDR001077,2026-03-04 17:37:31,D0166,U0105,Unusual Network,python.exe,MEDIUM,Open,FALSE_POSITIVE,2026-03-04 17:37:31,iso_space,MEDIUM,
EDR001684,2026-03-16 10:31:21,D0023,U0106,PowerShell Abuse,antivirus_update.exe,LOW,In Progress,NEEDS_INVESTIGATION,2026-03-16 10:31:21,iso_space,low,
EDR001582,2026-03-14 19:29:18,D0169,U0337,Persistence Attempt,psexec.exe,LOW,Open,NEEDS_INVESTIGATION,2026-03-14 19:29:18,iso_space,LOW,
EDR000668,2026-03-09 18:00:43,D0140,U0003,Unusual Network,teams.exe,MEDIUM,Open,FALSE_POSITIVE,2026-03-09 18:00:43,iso_space,Medium,
EDR001013,2026-03-08 13:30:28,D0002,U0165,Unusual Network,sccm_client.exe,LOW,In Progress,FALSE_POSITIVE,2026-03-08 13:30:28,iso_space,Low,
EDR000736,2026-03-16 09:58:31,D0195,U0087,Suspicious Process,python.exe,LOW,Open,FALSE_POSITIVE,2026-03-16T09:58:31Z,iso_z,LOW,
EDR001790,2026-03-12 03:12:00,D0003,U0007,Credential Access,psexec.exe,CRITICAL,In Progress,TRUE_POSITIVE,2026-03-12 03:12:00,iso_space,CRITICAL,
EDR001585,2026-03-13 19:47:11,D0004,U0225,PUP Detected,psexec.exe,MEDIUM,Open,NEEDS_INVESTIGATION,2026-03-13 19:47:11,iso_space,Medium,
EDR001794,2026-03-12 03:24:00,D0003,U0007,Credential Access,mimikatz.exe,HIGH,Open,TRUE_POSITIVE,2026-03-12T03:24:00Z,iso_z,HIGH,
EDR000644,2026-03-17 11:24:36,D0093,U0093,Unusual Network,python.exe,LOW,Closed,FALSE_POSITIVE,2026-03-17 11:24:36,iso_space,low,
EDR001242,2026-03-11 03:03:00,D0059,U0382,Suspicious Process,backup_agent.exe,HIGH,Closed,FALSE_POSITIVE,2026-03-11 03:03:00,iso_space,HIGH,
EDR001031,2026-03-22 08:15:29,D0080,U0162,Suspicious Process,sccm_client.exe,MEDIUM,Open,FALSE_POSITIVE,2026-03-22 08:15:29,iso_space,Medium,
EDR000082,2026-03-08 14:59:58,D0165,U0172,Unusual Network,antivirus_update.exe,HIGH,In Progress,,2026-03-08T14:59:58Z,iso_z,HIGH,MISSING_ANALYST_DECISION
EDR001531,2026-03-11 17:30:00,D0028,U0384,Suspicious Process,backup_agent.exe,HIGH,Closed,FALSE_POSITIVE,2026-03-11 17:30:00,iso_space,High,
EDR000523,2026-03-22 14:22:23,D0071,U0206,Suspicious Process,inventory_scan.exe,MEDIUM,Open,FALSE_POSITIVE,2026-03-22T14:22:23Z,iso_z,Medium,
EDR000167,2026-03-18 12:35:07,D0088,U0039,Suspicious Process,antivirus_update.exe,LOW,Closed,FALSE_POSITIVE,2026-03-18 12:35:07,iso_space,Low,
EDR000087,2026-03-06 19:32:00,D0006,U0347,Suspicious Process,inventory_scan.exe,LOW,Open,FALSE_POSITIVE,2026-03-06 19:32:00,iso_space,low,
EDR001210,2026-03-11 01:27:00,D0117,U0229,Suspicious Process,backup_agent.exe,HIGH,Closed,FALSE_POSITIVE,2026-03-11 01:27:00,iso_space,high,
EDR001561,2026-03-11 19:00:00,D0073,U0125,Suspicious Process,backup_agent.exe,HIGH,Closed,FALSE_POSITIVE,2026-03-11 19:00:00,iso_space,HIGH,
EDR000340,2026-03-15 12:06:06,D0102,U0161,Suspicious Process,python.exe,HIGH,Closed,FALSE_POSITIVE,2026-03-15T12:06:06Z,iso_z,HIGH,
EDR001774,2026-03-09 13:20:12,D0107,U0249,Malware Signature,powershell_enc.exe,CRITICAL,Closed,TRUE_POSITIVE,2026-03-09 13:20:12,iso_space,critical,
EDR001546,2026-03-11 18:15:00,D0070,U0367,Suspicious Process,backup_agent.exe,HIGH,Closed,FALSE_POSITIVE,2026-03-11T18:15:00Z,iso_z,HIGH,
EDR001623,2026-03-04 19:19:12,D0103,U0158,Malware Signature,chrome.exe,LOW,Open,,2026-03-04 19:19:12,iso_space,LOW,MISSING_ANALYST_DECISION
EDR001385,2026-03-11 10:12:00,D0043,U0189,Suspicious Process,backup_agent.exe,HIGH,Closed,FALSE_POSITIVE,2026-03-11 10:12:00,iso_space,HIGH,
EDR001787,2026-03-12 03:03:00,D0003,U0007,PowerShell Abuse,rundll32.exe,CRITICAL,Open,TRUE_POSITIVE,2026-03-12 03:03:00,iso_space,critical,
EDR000381,2026-03-03 10:31:29,D0012,U0378,Suspicious Process,antivirus_update.exe,LOW,Open,,2026-03-03T10:31:29Z,iso_z,low,MISSING_ANALYST_DECISION
EDR000357,2026-03-06 14:44:48,D0160,U0109,Suspicious Process,teams.exe,MEDIUM,Closed,FALSE_POSITIVE,2026-03-06 14:44:48,iso_space,medium,
EDR000573,2026-03-17 09:49:26,D0031,U0059,Unusual Network,teams.exe,MEDIUM,Open,FALSE_POSITIVE,2026-03-17 09:49:26,iso_space,Medium,
EDR001673,2026-03-09 19:04:26,D0078,U0196,Persistence Attempt,rundll32.exe,MEDIUM,In Progress,,2026-03-09T19:04:26Z,iso_z,Medium,MISSING_ANALYST_DECISION
EDR001526,2026-03-11 17:15:00,D0107,U0337,Suspicious Process,backup_agent.exe,HIGH,Closed,FALSE_POSITIVE,2026-03-11 17:15:00,iso_space,High,
EDR000546,2026-03-07 12:38:43,D0061,U0273,Suspicious Process,outlook.exe,LOW,Open,FALSE_POSITIVE,2026-03-07T12:38:43Z,iso_z,Low,
EDR000313,2026-03-06 13:17:24,D0151,U0109,PUP Detected,chrome.exe,LOW,Open,FALSE_POSITIVE,2026-03-06 13:17:24,iso_space,Low,
EDR000576,2026-03-09 13:15:46,D0146,U0052,PUP Detected,inventory_scan.exe,HIGH,Closed,FALSE_POSITIVE,2026-03-09 13:15:46,iso_space,High,
EDR001302,2026-03-11 06:03:00,D0057,U0119,Suspicious Process,backup_agent.exe,HIGH,Closed,FALSE_POSITIVE,2026-03-11 06:03:00,iso_space,HIGH,
EDR001557,2026-03-11 18:48:00,D0112,U0225,Suspicious Process,backup_agent.exe,HIGH,Closed,FALSE_POSITIVE,2026-03-11 18:48:00,iso_space,High,
EDR001813,2026-03-12 04:21:00,D0003,U0007,PowerShell Abuse,mimikatz.exe,CRITICAL,Open,TRUE_POSITIVE,2026-03-12 04:21:00,iso_space,critical,
EDR000238,2026-03-20 13:01:16,D0129,U0288,Unusual Network,outlook.exe,HIGH,Closed,,2026-03-20T13:01:16Z,iso_z,HIGH,MISSING_ANALYST_DECISION
EDR000094,2026-03-17 08:53:31,D0100,U0210,Suspicious Process,teams.exe,MEDIUM,Open,FALSE_POSITIVE,2026-03-17 08:53:31,iso_space,Medium,
EDR001779,2026-03-12 02:39:00,D0003,U0007,Credential Access,mimikatz.exe,HIGH,Open,NEEDS_INVESTIGATION,2026-03-12 02:39:00,iso_space,high,
EDR001001,2026-03-17 17:19:42,D0101,U0109,PUP Detected,antivirus_update.exe,MEDIUM,In Progress,FALSE_POSITIVE,2026-03-17 17:19:42,iso_space,MEDIUM,
EDR001593,2026-03-10 17:22:58,D0157,U0253,Credential Access,inventory_scan.exe,HIGH,In Progress,NEEDS_INVESTIGATION,2026-03-10 17:22:58,iso_space,HIGH,
EDR000113,2026-03-06 12:41:57,D0146,U0381,Suspicious Process,sccm_client.exe,LOW,Closed,FALSE_POSITIVE,2026-03-06 12:41:57,iso_space,Low,
EDR001693,2026-03-12 11:56:51,D0171,U0012,Unusual Network,powershell_enc.exe,CRITICAL,In Progress,NEEDS_INVESTIGATION,2026-03-12 11:56:51,iso_space,critical,
EDR001205,2026-03-11 01:12:00,D0095,U0202,Suspicious Process,backup_agent.exe,HIGH,Closed,FALSE_POSITIVE,2026-03-11 01:12:00,iso_space,high,
EDR000337,2026-03-20 12:06:49,D0077,U0068,Suspicious Process,antivirus_update.exe,HIGH,Closed,FALSE_POSITIVE,2026-03-20 12:06:49,iso_space,HIGH,
EDR001060,2026-03-17 13:19:02,D0074,U0151,Unusual Network,sccm_client.exe,HIGH,Open,FALSE_POSITIVE,2026-03-17 13:19:02,iso_space,HIGH,
EDR000515,2026-03-13 19:00:36,D0165,U0344,PUP Detected,outlook.exe,MEDIUM,Open,FALSE_POSITIVE,2026-03-13 19:00:36,iso_space,MEDIUM,
EDR000998,2026-03-18 12:24:58,D0150,U0361,Unusual Network,outlook.exe,LOW,In Progress,FALSE_POSITIVE,2026-03-18 12:24:58,iso_space,low,
EDR001770,2026-03-16 10:46:58,D0099,U0273,Persistence Attempt,cryptolock.exe,CRITICAL,Closed,TRUE_POSITIVE,2026-03-16 10:46:58,iso_space,CRITICAL,
EDR001795,2026-03-12 03:27:00,D0003,U0007,PowerShell Abuse,cryptolock.exe,CRITICAL,In Progress,NEEDS_INVESTIGATION,2026-03-12 03:27:00,iso_space,critical,
EDR001006,2026-03-07 16:42:06,D0032,U0226,Unusual Network,antivirus_update.exe,HIGH,Open,,2026-03-07T16:42:06Z,iso_z,High,MISSING_ANALYST_DECISION
EDR001198,2026-03-11 00:51:00,D0094,U0099,Suspicious Process,backup_agent.exe,HIGH,Closed,FALSE_POSITIVE,2026-03-11 00:51:00,iso_space,HIGH,
EDR001208,2026-03-11 01:21:00,D0050,U0350,Suspicious Process,backup_agent.exe,HIGH,Closed,FALSE_POSITIVE,2026-03-11 01:21:00,iso_space,high,
EDR001019,2026-03-16 13:58:22,D0108,U0023,Unusual Network,sccm_client.exe,LOW,Open,FALSE_POSITIVE,2026-03-16 13:58:22,iso_space,Low,
EDR000288,2026-03-03 16:32:00,D0100,U0105,Suspicious Process,python.exe,LOW,Closed,FALSE_POSITIVE,2026-03-03 16:32:00,iso_space,low,
EDR000823,2026-03-17 10:35:35,D0081,U0058,Suspicious Process,sccm_client.exe,HIGH,In Progress,FALSE_POSITIVE,2026-03-17T10:35:35Z,iso_z,HIGH,
EDR001338,2026-03-11 07:51:00,D0109,U0365,Suspicious Process,backup_agent.exe,HIGH,Closed,FALSE_POSITIVE,2026-03-11 07:51:00,iso_space,HIGH,
EDR000148,2026-03-11 13:50:08,D0142,U0355,Suspicious Process,teams.exe,LOW,In Progress,FALSE_POSITIVE,2026-03-11 13:50:08,iso_space,LOW,
EDR000590,2026-03-08 11:34:44,D0131,U0277,Unusual Network,sccm_client.exe,LOW,Closed,FALSE_POSITIVE,2026-03-08 11:34:44,iso_space,low,
EDR000393,2026-03-02 10:59:48,D0063,U0220,PUP Detected,antivirus_update.exe,LOW,Open,FALSE_POSITIVE,2026-03-02 10:59:48,iso_space,LOW,
EDR000040,2026-03-13 12:52:34,D0143,U0023,Unusual Network,sccm_client.exe,HIGH,Closed,,2026-03-13 12:52:34,iso_space,High,MISSING_ANALYST_DECISION
EDR001727,2026-03-09 16:04:38,D0153,U0090,Ransomware Behaviour,teams.exe,CRITICAL,Open,NEEDS_INVESTIGATION,2026-03-09 16:04:38,iso_space,Critical,
EDR000409,2026-03-07 09:48:04,D0023,U0209,Unusual Network,python.exe,MEDIUM,Open,FALSE_POSITIVE,2026-03-07 09:48:04,iso_space,Medium,
EDR001259,2026-03-11 03:54:00,D0013,U0282,Suspicious Process,backup_agent.exe,HIGH,Closed,FALSE_POSITIVE,2026-03-11 03:54:00,iso_space,High,
EDR001672,2026-03-16 10:21:29,D0039,U0371,Malware Signature,python.exe,LOW,In Progress,NEEDS_INVESTIGATION,2026-03-16 10:21:29,iso_space,LOW,
EDR000250,2026-03-21 08:59:35,D0073,U0329,PUP Detected,teams.exe,HIGH,Open,FALSE_POSITIVE,2026-03-21 08:59:35,iso_space,High,
EDR001573,2026-03-11 19:36:00,D0165,U0315,Suspicious Process,backup_agent.exe,HIGH,Closed,FALSE_POSITIVE,2026-03-11T19:36:00Z,iso_z,High,
EDR001172,2026-03-11 18:03:14,D0099,U0143,Suspicious Process,outlook.exe,MEDIUM,In Progress,FALSE_POSITIVE,2026-03-11 18:03:14,iso_space,Medium,
EDR001162,2026-03-02 19:22:33,D0180,U0168,Unusual Network,teams.exe,MEDIUM,In Progress,FALSE_POSITIVE,2026-03-02 19:22:33,iso_space,Medium,
EDR000566,2026-03-03 19:32:00,D0078,U0051,PUP Detected,teams.exe,HIGH,In Progress,FALSE_POSITIVE,2026-03-03 19:32:00,iso_space,high,
EDR001462,2026-03-11 14:03:00,D0110,U0106,Suspicious Process,backup_agent.exe,HIGH,Closed,FALSE_POSITIVE,2026-03-11 14:03:00,iso_space,High,
EDR001753,2026-03-16 19:45:15,D0088,U0134,Persistence Attempt,psexec.exe,CRITICAL,Closed,,2026-03-16 19:45:15,iso_space,CRITICAL,MISSING_ANALYST_DECISION
EDR001317,2026-03-11 06:48:00,D0103,U0025,Suspicious Process,backup_agent.exe,HIGH,Closed,FALSE_POSITIVE,2026-03-11 06:48:00,iso_space,High,
EDR000740,2026-03-17 15:47:01,D0034,U0234,Unusual Network,sccm_client.exe,LOW,In Progress,FALSE_POSITIVE,2026-03-17 15:47:01,iso_space,LOW,
EDR000328,2026-03-17 12:22:17,D0106,U0245,Unusual Network,sccm_client.exe,HIGH,Open,FALSE_POSITIVE,2026-03-17 12:22:17,iso_space,High,
EDR001448,2026-03-11 13:21:00,D0129,U0262,Suspicious Process,backup_agent.exe,HIGH,Closed,FALSE_POSITIVE,2026-03-11T13:21:00Z,iso_z,high,
EDR001339,2026-03-11 07:54:00,D0060,U0050,Suspicious Process,backup_agent.exe,HIGH,Closed,FALSE_POSITIVE,2026-03-11 07:54:00,iso_space,HIGH,
EDR000067,2026-03-06 16:42:20,D0091,U0382,Unusual Network,sccm_client.exe,LOW,Open,FALSE_POSITIVE,2026-03-06 16:42:20,iso_space,low,
EDR000751,2026-03-08 16:45:08,D0039,U0221,Suspicious Process,sccm_client.exe,MEDIUM,Open,FALSE_POSITIVE,2026-03-08 16:45:08,iso_space,Medium,
EDR001211,2026-03-11 01:30:00,D0179,U0221,Suspicious Process,backup_agent.exe,HIGH,Closed,,2026-03-11 01:30:00,iso_space,high,MISSING_ANALYST_DECISION
EDR000646,2026-03-17 17:47:29,D0140,U0121,PUP Detected,antivirus_update.exe,HIGH,Open,FALSE_POSITIVE,2026-03-17T17:47:29Z,iso_z,high,
EDR000331,2026-03-22 18:04:42,D0176,U0292,Unusual Network,antivirus_update.exe,HIGH,Open,FALSE_POSITIVE,2026-03-22 18:04:42,iso_space,high,
EDR000228,2026-03-14 11:00:33,D0122,U0274,Unusual Network,teams.exe,HIGH,Closed,FALSE_POSITIVE,2026-03-14T11:00:33Z,iso_z,high,
EDR001811,2026-03-12 04:15:00,D0003,U0007,Credential Access,psexec.exe,HIGH,In Progress,TRUE_POSITIVE,2026-03-12T04:15:00Z,iso_z,HIGH,
EDR001066,2026-03-04 12:28:37,D0128,U0258,Unusual Network,antivirus_update.exe,LOW,Open,,2026-03-04T12:28:37Z,iso_z,LOW,MISSING_ANALYST_DECISION
EDR000978,2026-03-05 17:08:57,D0061,U0156,Unusual Network,outlook.exe,HIGH,Open,FALSE_POSITIVE,2026-03-05 17:08:57,iso_space,High,
EDR000010,2026-03-22 17:32:58,D0049,U0174,Suspicious Process,python.exe,LOW,In Progress,FALSE_POSITIVE,2026-03-22 17:32:58,iso_space,Low,
EDR001015,2026-03-05 13:55:27,D0008,U0275,Unusual Network,antivirus_update.exe,LOW,Closed,FALSE_POSITIVE,2026-03-05 13:55:27,iso_space,low,
EDR000491,2026-03-16 16:33:02,D0099,U0163,PUP Detected,teams.exe,MEDIUM,Open,FALSE_POSITIVE,2026-03-16 16:33:02,iso_space,MEDIUM,
EDR000586,2026-03-06 08:21:47,D0174,U0216,Suspicious Process,inventory_scan.exe,HIGH,Closed,FALSE_POSITIVE,2026-03-06 08:21:47,iso_space,high,
EDR001818,2026-03-17 03:20:00,D0011,U0113,Persistence Attempt,powershell_enc.exe,CRITICAL,Open,TRUE_POSITIVE,2026-03-17 03:20:00,iso_space,critical,
EDR001654,2026-03-03 16:16:16,D0196,U0290,Persistence Attempt,teams.exe,LOW,In Progress,,2026-03-03 16:16:16,iso_space,low,MISSING_ANALYST_DECISION
EDR000589,2026-03-09 16:09:08,D0070,U0135,Unusual Network,python.exe,HIGH,In Progress,FALSE_POSITIVE,2026-03-09T16:09:08Z,iso_z,high,
EDR000199,2026-03-02 13:29:06,D0126,U0300,PUP Detected,inventory_scan.exe,MEDIUM,Closed,FALSE_POSITIVE,2026-03-02 13:29:06,iso_space,Medium,
EDR000539,2026-03-11 19:01:34,D0112,U0389,Unusual Network,teams.exe,HIGH,In Progress,FALSE_POSITIVE,2026-03-11T19:01:34Z,iso_z,high,
EDR001204,2026-03-11 01:09:00,D0199,U0284,Suspicious Process,backup_agent.exe,HIGH,Closed,FALSE_POSITIVE,2026-03-11 01:09:00,iso_space,High,
EDR000816,2026-03-19 12:15:24,D0195,U0353,Suspicious Process,python.exe,HIGH,Closed,,2026-03-19T12:15:24Z,iso_z,High,MISSING_ANALYST_DECISION
EDR000353,2026-03-15 15:08:39,D0114,U0091,Unusual Network,inventory_scan.exe,HIGH,Open,FALSE_POSITIVE,2026-03-15 15:08:39,iso_space,HIGH,
EDR000407,2026-03-12 17:03:50,D0004,U0160,Unusual Network,inventory_scan.exe,HIGH,In Progress,FALSE_POSITIVE,2026-03-12 17:03:50,iso_space,HIGH,
EDR001337,2026-03-11 07:48:00,D0143,U0311,Suspicious Process,backup_agent.exe,HIGH,Closed,FALSE_POSITIVE,2026-03-11T07:48:00Z,iso_z,HIGH,
EDR000025,2026-03-06 17:00:58,D0046,U0054,PUP Detected,sccm_client.exe,LOW,Closed,FALSE_POSITIVE,2026-03-06T17:00:58Z,iso_z,low,
EDR000770,2026-03-05 10:00:01,D0106,U0132,PUP Detected,teams.exe,HIGH,Closed,FALSE_POSITIVE,2026-03-05 10:00:01,iso_space,High,
EDR000647,2026-03-22 18:30:34,D0127,U0185,Suspicious Process,sccm_client.exe,LOW,Open,FALSE_POSITIVE,2026-03-22 18:30:34,iso_space,LOW,
EDR000532,2026-03-18 15:33:47,D0193,U0174,Suspicious Process,chrome.exe,HIGH,In Progress,FALSE_POSITIVE,2026-03-18T15:33:47Z,iso_z,high,
EDR000906,2026-03-17 11:17:27,D0048,U0216,Unusual Network,python.exe,LOW,Open,FALSE_POSITIVE,2026-03-17T11:17:27Z,iso_z,Low,
EDR000905,2026-03-12 14:20:46,D0167,U0153,Unusual Network,teams.exe,HIGH,Closed,FALSE_POSITIVE,2026-03-12 14:20:46,iso_space,high,
EDR000854,2026-03-21 16:05:27,D0084,U0373,Unusual Network,sccm_client.exe,HIGH,Open,FALSE_POSITIVE,2026-03-21 16:05:27,iso_space,high,
EDR001390,2026-03-11 10:27:00,D0051,U0048,Suspicious Process,backup_agent.exe,HIGH,Closed,FALSE_POSITIVE,2026-03-11 10:27:00,iso_space,high,
EDR001078,2026-03-05 10:11:05,D0096,U0162,PUP Detected,outlook.exe,MEDIUM,Open,FALSE_POSITIVE,2026-03-05T10:11:05Z,iso_z,MEDIUM,
EDR001251,2026-03-11 03:30:00,D0095,U0108,Suspicious Process,backup_agent.exe,HIGH,Closed,FALSE_POSITIVE,2026-03-11 03:30:00,iso_space,high,
EDR000186,2026-03-17 17:12:17,D0082,U0114,PUP Detected,antivirus_update.exe,MEDIUM,Open,FALSE_POSITIVE,2026-03-17T17:12:17Z,iso_z,Medium,
EDR001703,2026-03-10 12:17:31,D0025,U0331,Ransomware Behaviour,powershell_enc.exe,MEDIUM,In Progress,,2026-03-10 12:17:31,iso_space,medium,MISSING_ANALYST_DECISION
EDR001459,2026-03-11 13:54:00,D0051,U0266,Suspicious Process,backup_agent.exe,HIGH,Closed,FALSE_POSITIVE,2026-03-11 13:54:00,iso_space,high,
EDR000891,2026-03-07 14:37:58,D0071,U0308,Suspicious Process,teams.exe,LOW,In Progress,,2026-03-07 14:37:58,iso_space,LOW,MISSING_ANALYST_DECISION
EDR001594,2026-03-14 18:37:18,D0169,U0291,Persistence Attempt,rundll32.exe,HIGH,In Progress,NEEDS_INVESTIGATION,2026-03-14 18:37:18,iso_space,high,
EDR001005,2026-03-04 09:38:37,D0165,U0306,Suspicious Process,outlook.exe,HIGH,Open,FALSE_POSITIVE,2026-03-04 09:38:37,iso_space,high,
EDR000771,2026-03-15 19:20:03,D0153,U0281,Suspicious Process,teams.exe,HIGH,Open,FALSE_POSITIVE,2026-03-15 19:20:03,iso_space,HIGH,
EDR000151,2026-03-11 11:13:51,D0046,U0114,Unusual Network,sccm_client.exe,LOW,Open,FALSE_POSITIVE,2026-03-11 11:13:51,iso_space,Low,
EDR000849,2026-03-16 16:44:32,D0144,U0041,PUP Detected,teams.exe,LOW,Closed,FALSE_POSITIVE,2026-03-16 16:44:32,iso_space,low,
EDR001487,2026-03-11 15:18:00,D0152,U0281,Suspicious Process,backup_agent.exe,HIGH,Closed,FALSE_POSITIVE,2026-03-11 15:18:00,iso_space,High,
EDR000613,2026-03-10 16:43:37,D0037,U0136,Suspicious Process,antivirus_update.exe,MEDIUM,In Progress,FALSE_POSITIVE,2026-03-10T16:43:37Z,iso_z,Medium,
EDR000470,2026-03-07 16:06:17,D0071,U0173,PUP Detected,teams.exe,HIGH,Closed,FALSE_POSITIVE,2026-03-07 16:06:17,iso_space,HIGH,
EDR000845,2026-03-16 08:23:47,D0072,U0033,PUP Detected,inventory_scan.exe,HIGH,In Progress,FALSE_POSITIVE,2026-03-16 08:23:47,iso_space,High,
EDR000609,2026-03-10 17:33:20,D0140,U0079,Unusual Network,chrome.exe,MEDIUM,In Progress,FALSE_POSITIVE,2026-03-10 17:33:20,iso_space,medium,
EDR001123,2026-03-17 14:36:45,D0129,U0034,Suspicious Process,python.exe,MEDIUM,Open,FALSE_POSITIVE,2026-03-17 14:36:45,iso_space,Medium,
EDR000551,2026-03-19 12:35:23,D0180,U0386,PUP Detected,antivirus_update.exe,HIGH,Closed,FALSE_POSITIVE,2026-03-19 12:35:23,iso_space,HIGH,
EDR000184,2026-03-19 10:27:32,D0196,U0171,Suspicious Process,teams.exe,LOW,Closed,FALSE_POSITIVE,2026-03-19T10:27:32Z,iso_z,low,
EDR000299,2026-03-14 19:54:47,D0019,U0299,PUP Detected,sccm_client.exe,HIGH,In Progress,FALSE_POSITIVE,2026-03-14 19:54:47,iso_space,High,
EDR000174,2026-03-12 09:02:07,D0023,U0103,Unusual Network,outlook.exe,MEDIUM,Open,FALSE_POSITIVE,2026-03-12 09:02:07,iso_space,Medium,
EDR000046,2026-03-12 17:23:38,D0129,U0151,Suspicious Process,antivirus_update.exe,HIGH,In Progress,FALSE_POSITIVE,2026-03-12 17:23:38,iso_space,high,
EDR000026,2026-03-11 19:04:26,D0196,U0081,Suspicious Process,antivirus_update.exe,MEDIUM,Open,FALSE_POSITIVE,2026-03-11T19:04:26Z,iso_z,medium,
EDR000911,2026-03-16 13:32:09,D0004,U0052,Suspicious Process,outlook.exe,HIGH,Closed,FALSE_POSITIVE,2026-03-16 13:32:09,iso_space,HIGH,
EDR001829,2026-03-03 15:01:03,D9001,U0229,Malware Signature,mimikatz.exe,CRITICAL,Closed,FALSE_POSITIVE,2026-03-03 15:01:03,iso_space,CRITICAL,UNKNOWN_DEVICE_REF
EDR000371,2026-03-09 17:12:58,D0053,U0334,Suspicious Process,teams.exe,HIGH,Open,FALSE_POSITIVE,2026-03-09 17:12:58,iso_space,high,
EDR000253,2026-03-04 16:59:56,D0159,U0289,Suspicious Process,inventory_scan.exe,LOW,In Progress,FALSE_POSITIVE,2026-03-04 16:59:56,iso_space,LOW,
EDR000055,2026-03-17 09:39:44,D0200,U0086,Suspicious Process,teams.exe,MEDIUM,In Progress,FALSE_POSITIVE,2026-03-17 09:39:44,iso_space,Medium,
EDR001114,2026-03-16 15:59:30,D0199,U0365,Suspicious Process,python.exe,MEDIUM,Open,FALSE_POSITIVE,2026-03-16 15:59:30,iso_space,MEDIUM,
EDR000739,2026-03-19 16:53:29,D0079,U0298,PUP Detected,chrome.exe,MEDIUM,Open,,2026-03-19 16:53:29,iso_space,MEDIUM,MISSING_ANALYST_DECISION
EDR001374,2026-03-11 09:39:00,D0175,U0349,Suspicious Process,backup_agent.exe,HIGH,Closed,FALSE_POSITIVE,2026-03-11 09:39:00,iso_space,High,
EDR000949,2026-03-02 18:10:38,D0028,U0140,PUP Detected,outlook.exe,MEDIUM,Open,FALSE_POSITIVE,2026-03-02 18:10:38,iso_space,MEDIUM,
EDR000083,2026-03-03 09:11:45,D0170,U0229,Unusual Network,outlook.exe,MEDIUM,Closed,FALSE_POSITIVE,2026-03-03T09:11:45Z,iso_z,medium,
EDR001708,2026-03-07 15:18:53,D0180,U0151,PUP Detected,antivirus_update.exe,HIGH,In Progress,NEEDS_INVESTIGATION,2026-03-07 15:18:53,iso_space,HIGH,
EDR000847,2026-03-12 09:39:58,D0166,U0090,PUP Detected,sccm_client.exe,LOW,Closed,FALSE_POSITIVE,2026-03-12 09:39:58,iso_space,low,
EDR000974,2026-03-13 17:33:52,D0001,U0355,Suspicious Process,python.exe,HIGH,Open,,2026-03-13 17:33:52,iso_space,High,MISSING_ANALYST_DECISION
EDR000793,2026-03-10 09:25:11,D0021,U0002,Suspicious Process,antivirus_update.exe,LOW,In Progress,FALSE_POSITIVE,2026-03-10 09:25:11,iso_space,LOW,
EDR000717,2026-03-17 14:43:36,D0090,U0302,Unusual Network,chrome.exe,HIGH,Open,FALSE_POSITIVE,2026-03-17 14:43:36,iso_space,HIGH,
EDR000808,2026-03-02 13:20:42,D0157,U0194,Unusual Network,sccm_client.exe,MEDIUM,Open,FALSE_POSITIVE,2026-03-02 13:20:42,iso_space,medium,
EDR000307,2026-03-03 16:57:07,D0183,U0270,Suspicious Process,inventory_scan.exe,HIGH,In Progress,FALSE_POSITIVE,2026-03-03T16:57:07Z,iso_z,HIGH,
EDR000017,2026-03-04 11:04:10,D0115,U0024,Suspicious Process,chrome.exe,LOW,In Progress,FALSE_POSITIVE,2026-03-04 11:04:10,iso_space,LOW,
EDR001821,2026-03-17 03:35:00,D0011,U0113,Ransomware Behaviour,cryptolock.exe,CRITICAL,Open,TRUE_POSITIVE,2026-03-17 03:35:00,iso_space,CRITICAL,
EDR001151,2026-03-21 13:12:59,D0020,U0017,Suspicious Process,outlook.exe,MEDIUM,In Progress,FALSE_POSITIVE,2026-03-21T13:12:59Z,iso_z,MEDIUM,
EDR000034,2026-03-18 14:15:49,D0123,U0109,Suspicious Process,teams.exe,HIGH,Closed,FALSE_POSITIVE,2026-03-18T14:15:49Z,iso_z,high,
EDR001455,2026-03-11 13:42:00,D0138,U0118,Suspicious Process,backup_agent.exe,HIGH,Closed,,2026-03-11 13:42:00,iso_space,high,MISSING_ANALYST_DECISION
EDR001436,2026-03-11 12:45:00,D0163,U0211,Suspicious Process,backup_agent.exe,HIGH,Closed,FALSE_POSITIVE,2026-03-11T12:45:00Z,iso_z,high,
EDR000774,2026-03-17 15:07:22,D0043,U0297,Unusual Network,outlook.exe,LOW,Open,FALSE_POSITIVE,2026-03-17 15:07:22,iso_space,LOW,
EDR001841,2026-03-16 12:30:43,D9004,U0386,Credential Access,antivirus_update.exe,MEDIUM,Open,NEEDS_INVESTIGATION,2026-03-16 12:30:43,iso_space,MEDIUM,UNKNOWN_DEVICE_REF
EDR000210,2026-03-10 16:23:33,D0079,U0012,PUP Detected,sccm_client.exe,HIGH,In Progress,FALSE_POSITIVE,2026-03-10T16:23:33Z,iso_z,HIGH,
EDR000872,2026-03-10 14:30:23,D0175,U0327,Unusual Network,teams.exe,HIGH,Closed,FALSE_POSITIVE,2026-03-10 14:30:23,iso_space,High,
EDR000742,2026-03-05 19:18:46,D0104,U0316,Suspicious Process,teams.exe,LOW,Closed,FALSE_POSITIVE,2026-03-05 19:18:46,iso_space,Low,
EDR001373,2026-03-11 09:36:00,D0031,U0151,Suspicious Process,backup_agent.exe,HIGH,Closed,FALSE_POSITIVE,2026-03-11 09:36:00,iso_space,High,
EDR001191,2026-03-11 00:30:00,D0147,U0072,Suspicious Process,backup_agent.exe,HIGH,Closed,FALSE_POSITIVE,2026-03-11 00:30:00,iso_space,HIGH,
EDR000435,2026-03-10 14:52:52,D0122,U0395,Suspicious Process,antivirus_update.exe,HIGH,Open,,2026-03-10 14:52:52,iso_space,High,MISSING_ANALYST_DECISION
EDR001040,2026-03-10 08:04:28,D0182,U0026,Suspicious Process,sccm_client.exe,LOW,In Progress,FALSE_POSITIVE,2026-03-10 08:04:28,iso_space,LOW,
EDR001760,2026-03-12 13:42:50,D0151,U0234,PowerShell Abuse,cryptolock.exe,CRITICAL,Closed,TRUE_POSITIVE,2026-03-12 13:42:50,iso_space,critical,
EDR000631,2026-03-08 13:25:05,D0040,U0190,Unusual Network,sccm_client.exe,HIGH,In Progress,FALSE_POSITIVE,2026-03-08 13:25:05,iso_space,High,
EDR000773,2026-03-06 19:30:40,D0038,U0274,Suspicious Process,inventory_scan.exe,HIGH,Open,FALSE_POSITIVE,2026-03-06T19:30:40Z,iso_z,HIGH,
EDR000282,2026-03-03 13:27:19,D0174,U0395,Unusual Network,teams.exe,LOW,In Progress,,2026-03-03T13:27:19Z,iso_z,Low,MISSING_ANALYST_DECISION
EDR000908,2026-03-12 08:28:40,D0184,U0157,PUP Detected,inventory_scan.exe,HIGH,Open,FALSE_POSITIVE,2026-03-12 08:28:40,iso_space,HIGH,
EDR000510,2026-03-14 19:30:29,D0065,U0282,Suspicious Process,chrome.exe,LOW,In Progress,FALSE_POSITIVE,2026-03-14 19:30:29,iso_space,Low,
EDR000437,2026-03-05 14:24:02,D0072,U0146,Unusual Network,outlook.exe,LOW,Open,FALSE_POSITIVE,2026-03-05T14:24:02Z,iso_z,low,
EDR001797,2026-03-12 03:33:00,D0003,U0007,PowerShell Abuse,psexec.exe,CRITICAL,In Progress,NEEDS_INVESTIGATION,2026-03-12T03:33:00Z,iso_z,CRITICAL,
EDR000140,2026-03-05 10:47:25,D0149,U0284,Unusual Network,python.exe,HIGH,Open,FALSE_POSITIVE,2026-03-05T10:47:25Z,iso_z,high,
EDR001756,2026-03-16 17:59:58,D0116,U0190,Credential Access,cryptolock.exe,HIGH,Closed,,2026-03-16T17:59:58Z,iso_z,HIGH,MISSING_ANALYST_DECISION
EDR000691,2026-03-08 11:11:58,D0108,U0239,Unusual Network,sccm_client.exe,LOW,Open,,2026-03-08 11:11:58,iso_space,LOW,MISSING_ANALYST_DECISION
EDR000260,2026-03-11 19:52:16,D0044,U0322,Suspicious Process,inventory_scan.exe,MEDIUM,Open,FALSE_POSITIVE,2026-03-11 19:52:16,iso_space,medium,
EDR001219,2026-03-11 01:54:00,D0059,U0244,Suspicious Process,backup_agent.exe,HIGH,Closed,FALSE_POSITIVE,2026-03-11 01:54:00,iso_space,high,
EDR001773,2026-03-22 08:50:16,D0078,U0123,PowerShell Abuse,cryptolock.exe,CRITICAL,Closed,TRUE_POSITIVE,2026-03-22T08:50:16Z,iso_z,CRITICAL,
EDR001469,2026-03-11 14:24:00,D0191,U0275,Suspicious Process,backup_agent.exe,HIGH,Closed,FALSE_POSITIVE,2026-03-11T14:24:00Z,iso_z,High,
EDR000745,2026-03-15 09:01:02,D0146,U0291,Suspicious Process,antivirus_update.exe,HIGH,Closed,FALSE_POSITIVE,2026-03-15 09:01:02,iso_space,high,
EDR001203,2026-03-11 01:06:00,D0175,U0031,Suspicious Process,backup_agent.exe,HIGH,Closed,FALSE_POSITIVE,2026-03-11 01:06:00,iso_space,HIGH,
EDR001299,2026-03-11 05:54:00,D0047,U0307,Suspicious Process,backup_agent.exe,HIGH,Closed,FALSE_POSITIVE,2026-03-11 05:54:00,iso_space,high,
EDR000504,2026-03-09 08:22:59,D0188,U0009,Suspicious Process,sccm_client.exe,HIGH,In Progress,FALSE_POSITIVE,2026-03-09T08:22:59Z,iso_z,HIGH,
EDR001083,2026-03-17 13:01:19,D0173,U0354,Unusual Network,teams.exe,HIGH,In Progress,FALSE_POSITIVE,2026-03-17 13:01:19,iso_space,HIGH,
EDR000247,2026-03-03 12:15:41,D0195,U0023,Unusual Network,antivirus_update.exe,MEDIUM,Closed,,2026-03-03 12:15:41,iso_space,Medium,MISSING_ANALYST_DECISION
EDR000560,2026-03-05 08:57:27,D0105,U0355,PUP Detected,chrome.exe,MEDIUM,Open,FALSE_POSITIVE,2026-03-05 08:57:27,iso_space,MEDIUM,
EDR001244,2026-03-11 03:09:00,D0198,U0019,Suspicious Process,backup_agent.exe,HIGH,Closed,,2026-03-11 03:09:00,iso_space,high,MISSING_ANALYST_DECISION
EDR000971,2026-03-19 16:04:54,D0192,U0344,PUP Detected,inventory_scan.exe,HIGH,Open,FALSE_POSITIVE,2026-03-19 16:04:54,iso_space,High,
EDR000514,2026-03-02 15:38:12,D0055,U0367,Unusual Network,python.exe,LOW,In Progress,FALSE_POSITIVE,2026-03-02 15:38:12,iso_space,low,
EDR001237,2026-03-11 02:48:00,D0013,U0047,Suspicious Process,backup_agent.exe,HIGH,Closed,FALSE_POSITIVE,2026-03-11 02:48:00,iso_space,HIGH,
EDR000822,2026-03-03 13:16:58,D0027,U0315,Suspicious Process,sccm_client.exe,LOW,Closed,FALSE_POSITIVE,2026-03-03 13:16:58,iso_space,low,
EDR000592,2026-03-07 14:51:38,D0091,U0145,Suspicious Process,teams.exe,MEDIUM,Closed,FALSE_POSITIVE,2026-03-07 14:51:38,iso_space,medium,
EDR001650,2026-03-05 10:29:30,D0036,U0343,Credential Access,chrome.exe,CRITICAL,In Progress,NEEDS_INVESTIGATION,2026-03-05 10:29:30,iso_space,Critical,
EDR001453,2026-03-11 13:36:00,D0137,U0360,Suspicious Process,backup_agent.exe,HIGH,Closed,FALSE_POSITIVE,2026-03-11T13:36:00Z,iso_z,high,
EDR001804,2026-03-12 03:54:00,D0003,U0007,Credential Access,mimikatz.exe,HIGH,Open,TRUE_POSITIVE,2026-03-12 03:54:00,iso_space,HIGH,
EDR001399,2026-03-11 10:54:00,D0187,U0261,Suspicious Process,backup_agent.exe,HIGH,Closed,,2026-03-11 10:54:00,iso_space,High,MISSING_ANALYST_DECISION
EDR000626,2026-03-22 18:29:36,D0111,U0239,Unusual Network,sccm_client.exe,MEDIUM,Closed,,2026-03-22 18:29:36,iso_space,medium,MISSING_ANALYST_DECISION
EDR000131,2026-03-22 14:25:01,D0149,U0253,Unusual Network,chrome.exe,HIGH,Open,FALSE_POSITIVE,2026-03-22T14:25:01Z,iso_z,High,
EDR000614,2026-03-22 09:33:36,D0018,U0362,PUP Detected,outlook.exe,LOW,Closed,FALSE_POSITIVE,2026-03-22T09:33:36Z,iso_z,Low,
EDR000694,2026-03-05 16:24:27,D0158,U0247,Suspicious Process,chrome.exe,MEDIUM,Closed,FALSE_POSITIVE,2026-03-05T16:24:27Z,iso_z,Medium,
EDR000111,2026-03-07 16:03:28,D0080,U0169,Unusual Network,chrome.exe,MEDIUM,In Progress,,2026-03-07 16:03:28,iso_space,medium,MISSING_ANALYST_DECISION
EDR000369,2026-03-11 13:06:28,D0067,U0050,Unusual Network,antivirus_update.exe,LOW,Open,FALSE_POSITIVE,2026-03-11 13:06:28,iso_space,low,
EDR001278,2026-03-11 04:51:00,D0109,U0107,Suspicious Process,backup_agent.exe,HIGH,Closed,,2026-03-11 04:51:00,iso_space,HIGH,MISSING_ANALYST_DECISION
EDR000119,2026-03-14 13:45:57,D0163,U0394,Unusual Network,teams.exe,LOW,Open,FALSE_POSITIVE,2026-03-14 13:45:57,iso_space,Low,
EDR000732,2026-03-16 16:23:17,D0091,U0063,Suspicious Process,chrome.exe,HIGH,Open,FALSE_POSITIVE,2026-03-16 16:23:17,iso_space,High,
EDR000078,2026-03-17 19:59:00,D0095,U0151,Suspicious Process,python.exe,LOW,Closed,FALSE_POSITIVE,2026-03-17T19:59:00Z,iso_z,LOW,
EDR000471,2026-03-22 11:25:32,D0161,U0327,Unusual Network,sccm_client.exe,MEDIUM,Open,FALSE_POSITIVE,2026-03-22 11:25:32,iso_space,medium,
EDR001353,2026-03-11 08:36:00,D0168,U0064,Suspicious Process,backup_agent.exe,HIGH,Closed,FALSE_POSITIVE,2026-03-11 08:36:00,iso_space,HIGH,
EDR001247,2026-03-11 03:18:00,D0166,U0074,Suspicious Process,backup_agent.exe,HIGH,Closed,FALSE_POSITIVE,2026-03-11 03:18:00,iso_space,High,
EDR000505,2026-03-12 09:40:53,D0023,U0386,Suspicious Process,outlook.exe,MEDIUM,Open,FALSE_POSITIVE,2026-03-12 09:40:53,iso_space,Medium,
EDR001513,2026-03-11 16:36:00,D0048,U0105,Suspicious Process,backup_agent.exe,HIGH,Closed,FALSE_POSITIVE,2026-03-11T16:36:00Z,iso_z,high,
EDR000150,2026-03-19 16:56:26,D0125,U0083,PUP Detected,teams.exe,MEDIUM,In Progress,FALSE_POSITIVE,2026-03-19T16:56:26Z,iso_z,medium,
EDR001185,2026-03-11 00:12:00,D0022,U0389,Suspicious Process,backup_agent.exe,HIGH,Closed,FALSE_POSITIVE,2026-03-11 00:12:00,iso_space,high,
EDR000537,2026-03-20 15:47:34,D0050,U0371,Suspicious Process,teams.exe,LOW,In Progress,FALSE_POSITIVE,2026-03-20 15:47:34,iso_space,LOW,
EDR000467,2026-03-12 10:43:21,D0121,U0004,Unusual Network,sccm_client.exe,HIGH,Open,FALSE_POSITIVE,2026-03-12 10:43:21,iso_space,HIGH,
EDR000225,2026-03-19 17:31:52,D0145,U0338,Unusual Network,chrome.exe,HIGH,Open,FALSE_POSITIVE,2026-03-19 17:31:52,iso_space,high,
EDR001845,2026-03-09 08:21:03,D9007,U0058,Persistence Attempt,inventory_scan.exe,HIGH,Open,NEEDS_INVESTIGATION,2026-03-09 08:21:03,iso_space,HIGH,UNKNOWN_DEVICE_REF
EDR001325,2026-03-11 07:12:00,D0077,U0391,Suspicious Process,backup_agent.exe,HIGH,Closed,,2026-03-11 07:12:00,iso_space,High,MISSING_ANALYST_DECISION
EDR001199,2026-03-11 00:54:00,D0003,U0181,Suspicious Process,backup_agent.exe,HIGH,Closed,FALSE_POSITIVE,2026-03-11 00:54:00,iso_space,High,
EDR001009,2026-03-08 11:44:44,D0070,U0194,PUP Detected,python.exe,HIGH,In Progress,,2026-03-08T11:44:44Z,iso_z,High,MISSING_ANALYST_DECISION
EDR000187,2026-03-05 14:27:43,D0088,U0345,Suspicious Process,chrome.exe,LOW,Open,FALSE_POSITIVE,2026-03-05 14:27:43,iso_space,LOW,
EDR001788,2026-03-12 03:06:00,D0003,U0007,Credential Access,powershell_enc.exe,CRITICAL,In Progress,NEEDS_INVESTIGATION,2026-03-12T03:06:00Z,iso_z,critical,
EDR000099,2026-03-02 13:36:02,D0002,U0230,PUP Detected,antivirus_update.exe,MEDIUM,In Progress,FALSE_POSITIVE,2026-03-02 13:36:02,iso_space,Medium,
EDR001606,2026-03-18 17:11:19,D0106,U0307,Credential Access,inventory_scan.exe,HIGH,In Progress,,2026-03-18T17:11:19Z,iso_z,HIGH,MISSING_ANALYST_DECISION
EDR000334,2026-03-03 13:12:49,D0061,U0038,Suspicious Process,teams.exe,MEDIUM,In Progress,FALSE_POSITIVE,2026-03-03 13:12:49,iso_space,Medium,
EDR000697,2026-03-12 16:47:14,D0166,U0292,Unusual Network,chrome.exe,LOW,In Progress,FALSE_POSITIVE,2026-03-12 16:47:14,iso_space,LOW,
EDR000180,2026-03-11 18:51:32,D0045,U0054,Suspicious Process,inventory_scan.exe,MEDIUM,Open,,2026-03-11 18:51:32,iso_space,medium,MISSING_ANALYST_DECISION
EDR000887,2026-03-07 17:44:21,D0190,U0316,Suspicious Process,outlook.exe,LOW,In Progress,FALSE_POSITIVE,2026-03-07 17:44:21,iso_space,Low,
EDR000116,2026-03-05 15:53:44,D0113,U0182,PUP Detected,teams.exe,MEDIUM,In Progress,FALSE_POSITIVE,2026-03-05 15:53:44,iso_space,medium,
EDR000350,2026-03-13 08:32:40,D0089,U0235,Suspicious Process,chrome.exe,HIGH,In Progress,FALSE_POSITIVE,2026-03-13 08:32:40,iso_space,high,
EDR001362,2026-03-11 09:03:00,D0127,U0246,Suspicious Process,backup_agent.exe,HIGH,Closed,FALSE_POSITIVE,2026-03-11T09:03:00Z,iso_z,high,
EDR001781,2026-03-12 02:45:00,D0003,U0007,Persistence Attempt,psexec.exe,CRITICAL,In Progress,NEEDS_INVESTIGATION,2026-03-12T02:45:00Z,iso_z,critical,
EDR001184,2026-03-11 00:09:00,D0054,U0366,Suspicious Process,backup_agent.exe,HIGH,Closed,FALSE_POSITIVE,2026-03-11 00:09:00,iso_space,High,
EDR001234,2026-03-11 02:39:00,D0119,U0113,Suspicious Process,backup_agent.exe,HIGH,Closed,FALSE_POSITIVE,2026-03-11 02:39:00,iso_space,high,
EDR000979,2026-03-02 08:11:39,D0076,U0313,Suspicious Process,outlook.exe,LOW,In Progress,,2026-03-02 08:11:39,iso_space,Low,MISSING_ANALYST_DECISION
EDR000594,2026-03-19 14:43:09,D0118,U0056,Suspicious Process,chrome.exe,HIGH,Open,FALSE_POSITIVE,2026-03-19T14:43:09Z,iso_z,high,
EDR001276,2026-03-11 04:45:00,D0066,U0277,Suspicious Process,backup_agent.exe,HIGH,Closed,FALSE_POSITIVE,2026-03-11T04:45:00Z,iso_z,high,
EDR000933,2026-03-15 12:33:47,D0098,U0180,Unusual Network,sccm_client.exe,HIGH,Open,FALSE_POSITIVE,2026-03-15 12:33:47,iso_space,high,
EDR001166,2026-03-08 17:56:21,D0049,U0099,Suspicious Process,inventory_scan.exe,HIGH,Open,FALSE_POSITIVE,2026-03-08 17:56:21,iso_space,HIGH,
EDR001473,2026-03-11 14:36:00,D0180,U0182,Suspicious Process,backup_agent.exe,HIGH,Closed,,2026-03-11 14:36:00,iso_space,High,MISSING_ANALYST_DECISION
EDR000049,2026-03-10 10:56:27,D0084,U0313,Unusual Network,antivirus_update.exe,MEDIUM,Open,FALSE_POSITIVE,2026-03-10T10:56:27Z,iso_z,Medium,
EDR001677,2026-03-03 15:24:46,D0149,U0387,PUP Detected,teams.exe,MEDIUM,In Progress,NEEDS_INVESTIGATION,2026-03-03 15:24:46,iso_space,Medium,
EDR001406,2026-03-11 11:15:00,D0128,U0348,Suspicious Process,backup_agent.exe,HIGH,Closed,FALSE_POSITIVE,2026-03-11 11:15:00,iso_space,HIGH,
EDR000321,2026-03-11 17:10:42,D0064,U0235,Unusual Network,sccm_client.exe,MEDIUM,Open,FALSE_POSITIVE,2026-03-11T17:10:42Z,iso_z,Medium,
EDR000472,2026-03-10 19:35:00,D0026,U0037,PUP Detected,chrome.exe,LOW,Closed,FALSE_POSITIVE,2026-03-10T19:35:00Z,iso_z,low,
EDR000624,2026-03-06 19:09:24,D0093,U0236,Suspicious Process,inventory_scan.exe,LOW,Open,FALSE_POSITIVE,2026-03-06T19:09:24Z,iso_z,low,
EDR000779,2026-03-07 16:52:24,D0015,U0313,Unusual Network,sccm_client.exe,LOW,Closed,FALSE_POSITIVE,2026-03-07T16:52:24Z,iso_z,Low,
EDR000273,2026-03-09 19:08:00,D0183,U0341,Unusual Network,outlook.exe,MEDIUM,In Progress,FALSE_POSITIVE,2026-03-09 19:08:00,iso_space,Medium,
EDR000727,2026-03-08 13:41:00,D0180,U0217,PUP Detected,chrome.exe,MEDIUM,Closed,FALSE_POSITIVE,2026-03-08 13:41:00,iso_space,medium,
EDR001721,2026-03-04 11:56:19,D0085,U0328,Unusual Network,teams.exe,HIGH,Open,NEEDS_INVESTIGATION,2026-03-04 11:56:19,iso_space,high,
EDR000205,2026-03-12 17:30:10,D0162,U0266,PUP Detected,sccm_client.exe,HIGH,Closed,FALSE_POSITIVE,2026-03-12T17:30:10Z,iso_z,HIGH,
EDR000293,2026-03-12 12:03:33,D0066,U0246,PUP Detected,outlook.exe,HIGH,In Progress,FALSE_POSITIVE,2026-03-12 12:03:33,iso_space,high,
EDR000417,2026-03-15 18:37:43,D0125,U0073,Unusual Network,outlook.exe,LOW,Closed,FALSE_POSITIVE,2026-03-15 18:37:43,iso_space,Low,
EDR001360,2026-03-11 08:57:00,D0194,U0162,Suspicious Process,backup_agent.exe,HIGH,Closed,FALSE_POSITIVE,2026-03-11 08:57:00,iso_space,HIGH,
EDR001523,2026-03-11 17:06:00,D0118,U0112,Suspicious Process,backup_agent.exe,HIGH,Closed,FALSE_POSITIVE,2026-03-11 17:06:00,iso_space,HIGH,
EDR000923,2026-03-19 10:21:06,D0064,U0132,Unusual Network,inventory_scan.exe,MEDIUM,In Progress,FALSE_POSITIVE,2026-03-19 10:21:06,iso_space,Medium,
EDR001692,2026-03-14 10:03:58,D0097,U0181,Suspicious Process,outlook.exe,MEDIUM,In Progress,NEEDS_INVESTIGATION,2026-03-14 10:03:58,iso_space,MEDIUM,
EDR000604,2026-03-11 18:52:07,D0007,U0190,PUP Detected,python.exe,HIGH,In Progress,FALSE_POSITIVE,2026-03-11 18:52:07,iso_space,HIGH,
EDR001433,2026-03-11 12:36:00,D0059,U0156,Suspicious Process,backup_agent.exe,HIGH,Closed,FALSE_POSITIVE,2026-03-11 12:36:00,iso_space,high,
EDR000534,2026-03-21 19:18:08,D0171,U0278,Unusual Network,antivirus_update.exe,HIGH,Closed,FALSE_POSITIVE,2026-03-21 19:18:08,iso_space,High,
EDR000778,2026-03-20 17:35:51,D0159,U0120,Unusual Network,chrome.exe,LOW,In Progress,FALSE_POSITIVE,2026-03-20 17:35:51,iso_space,Low,
EDR001301,2026-03-11 06:00:00,D0114,U0335,Suspicious Process,backup_agent.exe,HIGH,Closed,FALSE_POSITIVE,2026-03-11 06:00:00,iso_space,High,
EDR000271,2026-03-22 18:20:53,D0179,U0209,PUP Detected,teams.exe,LOW,Open,FALSE_POSITIVE,2026-03-22 18:20:53,iso_space,low,
EDR000947,2026-03-04 09:36:08,D0100,U0349,PUP Detected,teams.exe,LOW,Open,FALSE_POSITIVE,2026-03-04 09:36:08,iso_space,low,
EDR001801,2026-03-12 03:45:00,D0003,U0007,Credential Access,cryptolock.exe,CRITICAL,In Progress,NEEDS_INVESTIGATION,2026-03-12 03:45:00,iso_space,critical,
EDR000418,2026-03-05 13:38:02,D0019,U0052,Unusual Network,sccm_client.exe,HIGH,Open,FALSE_POSITIVE,2026-03-05 13:38:02,iso_space,high,
EDR001719,2026-03-09 14:42:33,D0088,U0091,Persistence Attempt,powershell_enc.exe,MEDIUM,In Progress,NEEDS_INVESTIGATION,2026-03-09 14:42:33,iso_space,medium,
EDR001482,2026-03-11 15:03:00,D0056,U0344,Suspicious Process,backup_agent.exe,HIGH,Closed,FALSE_POSITIVE,2026-03-11 15:03:00,iso_space,High,
EDR000324,2026-03-15 08:42:57,D0191,U0056,Unusual Network,inventory_scan.exe,MEDIUM,Open,FALSE_POSITIVE,2026-03-15 08:42:57,iso_space,Medium,
EDR001497,2026-03-11 15:48:00,D0002,U0074,Suspicious Process,backup_agent.exe,HIGH,Closed,FALSE_POSITIVE,2026-03-11 15:48:00,iso_space,High,
EDR001363,2026-03-11 09:06:00,D0081,U0066,Suspicious Process,backup_agent.exe,HIGH,Closed,FALSE_POSITIVE,2026-03-11T09:06:00Z,iso_z,high,
EDR000434,2026-03-09 18:31:09,D0124,U0019,Unusual Network,python.exe,MEDIUM,Open,FALSE_POSITIVE,2026-03-09 18:31:09,iso_space,medium,
EDR001515,2026-03-11 16:42:00,D0101,U0058,Suspicious Process,backup_agent.exe,HIGH,Closed,FALSE_POSITIVE,2026-03-11 16:42:00,iso_space,High,
EDR000121,2026-03-18 19:31:47,D0101,U0293,Unusual Network,sccm_client.exe,MEDIUM,Open,FALSE_POSITIVE,2026-03-18 19:31:47,iso_space,MEDIUM,
EDR001552,2026-03-11 18:33:00,D0143,U0183,Suspicious Process,backup_agent.exe,HIGH,Closed,FALSE_POSITIVE,2026-03-11 18:33:00,iso_space,HIGH,
EDR000356,2026-03-15 19:26:21,D0082,U0124,Unusual Network,chrome.exe,HIGH,In Progress,FALSE_POSITIVE,2026-03-15 19:26:21,iso_space,HIGH,
EDR001311,2026-03-11 06:30:00,D0069,U0285,Suspicious Process,backup_agent.exe,HIGH,Closed,FALSE_POSITIVE,2026-03-11T06:30:00Z,iso_z,High,
EDR001189,2026-03-11 00:24:00,D0192,U0105,Suspicious Process,backup_agent.exe,HIGH,Closed,FALSE_POSITIVE,2026-03-11 00:24:00,iso_space,High,
EDR001069,2026-03-16 18:18:04,D0046,U0194,Unusual Network,antivirus_update.exe,MEDIUM,Open,,2026-03-16T18:18:04Z,iso_z,medium,MISSING_ANALYST_DECISION
EDR001300,2026-03-11 05:57:00,D0157,U0149,Suspicious Process,backup_agent.exe,HIGH,Closed,FALSE_POSITIVE,2026-03-11 05:57:00,iso_space,High,
EDR000775,2026-03-05 11:48:12,D0095,U0346,PUP Detected,teams.exe,MEDIUM,Open,FALSE_POSITIVE,2026-03-05 11:48:12,iso_space,medium,
EDR001283,2026-03-11 05:06:00,D0035,U0103,Suspicious Process,backup_agent.exe,HIGH,Closed,FALSE_POSITIVE,2026-03-11 05:06:00,iso_space,high,
EDR000224,2026-03-18 19:46:23,D0080,U0317,Suspicious Process,inventory_scan.exe,LOW,In Progress,FALSE_POSITIVE,2026-03-18T19:46:23Z,iso_z,LOW,
EDR001711,2026-03-13 09:35:44,D0127,U0293,PUP Detected,psexec.exe,CRITICAL,Closed,FALSE_POSITIVE,2026-03-13 09:35:44,iso_space,CRITICAL,
EDR001021,2026-03-07 10:02:35,D0165,U0018,Suspicious Process,teams.exe,MEDIUM,Open,FALSE_POSITIVE,2026-03-07 10:02:35,iso_space,Medium,
EDR001032,2026-03-12 10:30:40,D0016,U0392,Suspicious Process,teams.exe,HIGH,Closed,FALSE_POSITIVE,2026-03-12 10:30:40,iso_space,high,
EDR000994,2026-03-12 18:30:04,D0112,U0143,Unusual Network,python.exe,HIGH,Open,FALSE_POSITIVE,2026-03-12 18:30:04,iso_space,HIGH,
EDR000898,2026-03-11 13:00:35,D0155,U0335,Unusual Network,python.exe,LOW,Open,FALSE_POSITIVE,2026-03-11 13:00:35,iso_space,Low,
EDR001232,2026-03-11 02:33:00,D0109,U0357,Suspicious Process,backup_agent.exe,HIGH,Closed,FALSE_POSITIVE,2026-03-11T02:33:00Z,iso_z,HIGH,
EDR000465,2026-03-11 15:42:23,D0130,U0367,Suspicious Process,teams.exe,MEDIUM,Closed,FALSE_POSITIVE,2026-03-11 15:42:23,iso_space,Medium,
EDR001414,2026-03-11 11:39:00,D0040,U0139,Suspicious Process,backup_agent.exe,HIGH,Closed,FALSE_POSITIVE,2026-03-11T11:39:00Z,iso_z,HIGH,
EDR001178,2026-03-05 14:20:24,D0160,U0308,Suspicious Process,chrome.exe,MEDIUM,In Progress,FALSE_POSITIVE,2026-03-05 14:20:24,iso_space,Medium,
EDR001747,2026-03-13 14:35:10,D0061,U0311,PowerShell Abuse,mimikatz.exe,CRITICAL,Closed,TRUE_POSITIVE,2026-03-13T14:35:10Z,iso_z,CRITICAL,
EDR001471,2026-03-11 14:30:00,D0084,U0238,Suspicious Process,backup_agent.exe,HIGH,Closed,,2026-03-11 14:30:00,iso_space,High,MISSING_ANALYST_DECISION
EDR001461,2026-03-11 14:00:00,D0002,U0372,Suspicious Process,backup_agent.exe,HIGH,Closed,FALSE_POSITIVE,2026-03-11T14:00:00Z,iso_z,High,
EDR000758,2026-03-18 12:56:03,D0144,U0198,Suspicious Process,antivirus_update.exe,HIGH,In Progress,FALSE_POSITIVE,2026-03-18 12:56:03,iso_space,HIGH,
EDR000772,2026-03-07 15:35:41,D0197,U0029,Unusual Network,outlook.exe,MEDIUM,Closed,FALSE_POSITIVE,2026-03-07 15:35:41,iso_space,Medium,
EDR000459,2026-03-13 16:58:30,D0035,U0043,PUP Detected,teams.exe,LOW,Open,FALSE_POSITIVE,2026-03-13 16:58:30,iso_space,LOW,
EDR001431,2026-03-11 12:30:00,D0025,U0341,Suspicious Process,backup_agent.exe,HIGH,Closed,FALSE_POSITIVE,2026-03-11T12:30:00Z,iso_z,HIGH,
EDR001143,2026-03-05 19:57:33,D0067,U0281,PUP Detected,python.exe,MEDIUM,In Progress,FALSE_POSITIVE,2026-03-05 19:57:33,iso_space,medium,
EDR000734,2026-03-11 13:59:34,D0055,U0218,Unusual Network,teams.exe,HIGH,Closed,FALSE_POSITIVE,2026-03-11 13:59:34,iso_space,high,
EDR001828,2026-03-15 18:05:12,D9005,U0154,PUP Detected,inventory_scan.exe,HIGH,Open,NEEDS_INVESTIGATION,2026-03-15 18:05:12,iso_space,High,UNKNOWN_DEVICE_REF
EDR000061,2026-03-19 18:37:36,D0093,U0245,PUP Detected,chrome.exe,HIGH,Open,FALSE_POSITIVE,2026-03-19 18:37:36,iso_space,HIGH,
EDR001293,2026-03-11 05:36:00,D0009,U0390,Suspicious Process,backup_agent.exe,HIGH,Closed,FALSE_POSITIVE,2026-03-11T05:36:00Z,iso_z,high,
EDR000157,2026-03-04 09:11:52,D0184,U0395,Suspicious Process,teams.exe,LOW,Open,,2026-03-04 09:11:52,iso_space,LOW,MISSING_ANALYST_DECISION
EDR000310,2026-03-08 08:01:30,D0126,U0341,Suspicious Process,inventory_scan.exe,MEDIUM,Closed,,2026-03-08 08:01:30,iso_space,medium,MISSING_ANALYST_DECISION
EDR001368,2026-03-11 09:21:00,D0037,U0272,Suspicious Process,backup_agent.exe,HIGH,Closed,FALSE_POSITIVE,2026-03-11 09:21:00,iso_space,High,
EDR000591,2026-03-15 12:35:07,D0077,U0069,Suspicious Process,chrome.exe,MEDIUM,Closed,FALSE_POSITIVE,2026-03-15 12:35:07,iso_space,Medium,
EDR000767,2026-03-04 15:33:07,D0088,U0158,Unusual Network,inventory_scan.exe,HIGH,In Progress,FALSE_POSITIVE,2026-03-04 15:33:07,iso_space,high,
EDR001400,2026-03-11 10:57:00,D0048,U0091,Suspicious Process,backup_agent.exe,HIGH,Closed,FALSE_POSITIVE,2026-03-11T10:57:00Z,iso_z,high,
EDR000790,2026-03-08 17:42:02,D0141,U0065,Suspicious Process,antivirus_update.exe,LOW,Closed,FALSE_POSITIVE,2026-03-08 17:42:02,iso_space,low,
EDR001329,2026-03-11 07:24:00,D0154,U0115,Suspicious Process,backup_agent.exe,HIGH,Closed,FALSE_POSITIVE,2026-03-11 07:24:00,iso_space,High,
EDR000316,2026-03-08 13:10:31,D0009,U0256,Suspicious Process,teams.exe,HIGH,Closed,FALSE_POSITIVE,2026-03-08T13:10:31Z,iso_z,High,
EDR001740,2026-03-11 12:07:48,D0162,U0355,Credential Access,psexec.exe,CRITICAL,Closed,TRUE_POSITIVE,2026-03-11 12:07:48,iso_space,CRITICAL,
EDR000251,2026-03-07 14:19:14,D0023,U0322,Suspicious Process,sccm_client.exe,LOW,In Progress,FALSE_POSITIVE,2026-03-07 14:19:14,iso_space,LOW,
EDR001574,2026-03-11 19:39:00,D0061,U0059,Suspicious Process,backup_agent.exe,HIGH,Closed,,2026-03-11T19:39:00Z,iso_z,high,MISSING_ANALYST_DECISION
EDR000864,2026-03-03 08:23:05,D0017,U0340,Suspicious Process,antivirus_update.exe,HIGH,Open,,2026-03-03 08:23:05,iso_space,High,MISSING_ANALYST_DECISION
EDR000904,2026-03-12 12:05:18,D0082,U0042,PUP Detected,teams.exe,MEDIUM,Open,FALSE_POSITIVE,2026-03-12 12:05:18,iso_space,medium,
EDR000706,2026-03-04 12:06:07,D0193,U0186,PUP Detected,sccm_client.exe,HIGH,In Progress,FALSE_POSITIVE,2026-03-04 12:06:07,iso_space,High,
EDR000503,2026-03-11 10:06:01,D0019,U0386,Suspicious Process,chrome.exe,LOW,In Progress,FALSE_POSITIVE,2026-03-11T10:06:01Z,iso_z,low,
EDR001341,2026-03-11 08:00:00,D0043,U0355,Suspicious Process,backup_agent.exe,HIGH,Closed,,2026-03-11 08:00:00,iso_space,HIGH,MISSING_ANALYST_DECISION
EDR001138,2026-03-21 13:24:18,D0024,U0185,PUP Detected,inventory_scan.exe,LOW,Closed,FALSE_POSITIVE,2026-03-21T13:24:18Z,iso_z,LOW,
EDR000315,2026-03-14 18:59:56,D0120,U0287,PUP Detected,teams.exe,MEDIUM,Open,FALSE_POSITIVE,2026-03-14T18:59:56Z,iso_z,medium,
EDR001201,2026-03-11 01:00:00,D0180,U0138,Suspicious Process,backup_agent.exe,HIGH,Closed,FALSE_POSITIVE,2026-03-11 01:00:00,iso_space,high,
EDR001344,2026-03-11 08:09:00,D0101,U0177,Suspicious Process,backup_agent.exe,HIGH,Closed,FALSE_POSITIVE,2026-03-11 08:09:00,iso_space,High,
EDR001246,2026-03-11 03:15:00,D0195,U0085,Suspicious Process,backup_agent.exe,HIGH,Closed,FALSE_POSITIVE,2026-03-11 03:15:00,iso_space,High,
EDR001224,2026-03-11 02:09:00,D0187,U0261,Suspicious Process,backup_agent.exe,HIGH,Closed,FALSE_POSITIVE,2026-03-11 02:09:00,iso_space,High,
EDR000158,2026-03-07 17:38:44,D0025,U0191,PUP Detected,sccm_client.exe,MEDIUM,In Progress,FALSE_POSITIVE,2026-03-07T17:38:44Z,iso_z,medium,
EDR000292,2026-03-02 15:38:25,D0057,U0347,Unusual Network,antivirus_update.exe,LOW,Closed,FALSE_POSITIVE,2026-03-02 15:38:25,iso_space,Low,
EDR001815,2026-03-12 04:27:00,D0003,U0007,Persistence Attempt,psexec.exe,CRITICAL,Open,NEEDS_INVESTIGATION,2026-03-12T04:27:00Z,iso_z,CRITICAL,
EDR000235,2026-03-17 10:27:47,D0162,U0016,PUP Detected,python.exe,HIGH,In Progress,FALSE_POSITIVE,2026-03-17 10:27:47,iso_space,high,
EDR000575,2026-03-07 08:46:42,D0093,U0123,Unusual Network,sccm_client.exe,HIGH,Closed,FALSE_POSITIVE,2026-03-07 08:46:42,iso_space,high,
EDR000302,2026-03-18 19:14:26,D0117,U0230,Suspicious Process,chrome.exe,HIGH,Open,FALSE_POSITIVE,2026-03-18T19:14:26Z,iso_z,high,
EDR000543,2026-03-18 11:49:09,D0139,U0178,PUP Detected,chrome.exe,HIGH,In Progress,FALSE_POSITIVE,2026-03-18T11:49:09Z,iso_z,high,
EDR001780,2026-03-12 02:42:00,D0003,U0007,Credential Access,mimikatz.exe,CRITICAL,Open,TRUE_POSITIVE,2026-03-12 02:42:00,iso_space,CRITICAL,
EDR001665,2026-03-19 12:05:04,D0007,U0377,Malware Signature,teams.exe,HIGH,In Progress,NEEDS_INVESTIGATION,2026-03-19 12:05:04,iso_space,High,
EDR000516,2026-03-18 19:13:50,D0123,U0304,Unusual Network,teams.exe,LOW,Open,FALSE_POSITIVE,2026-03-18 19:13:50,iso_space,LOW,
EDR000362,2026-03-20 18:17:28,D0071,U0144,PUP Detected,sccm_client.exe,HIGH,In Progress,FALSE_POSITIVE,2026-03-20T18:17:28Z,iso_z,HIGH,
EDR001115,2026-03-06 12:27:12,D0078,U0318,PUP Detected,antivirus_update.exe,HIGH,In Progress,FALSE_POSITIVE,2026-03-06 12:27:12,iso_space,HIGH,
EDR000915,2026-03-17 08:07:10,D0195,U0119,PUP Detected,inventory_scan.exe,LOW,Closed,FALSE_POSITIVE,2026-03-17T08:07:10Z,iso_z,LOW,
EDR001308,2026-03-11 06:21:00,D0097,U0368,Suspicious Process,backup_agent.exe,HIGH,Closed,,2026-03-11T06:21:00Z,iso_z,high,MISSING_ANALYST_DECISION
EDR000747,2026-03-22 08:40:48,D0138,U0107,PUP Detected,outlook.exe,HIGH,Open,FALSE_POSITIVE,2026-03-22 08:40:48,iso_space,high,
EDR001153,2026-03-13 10:30:57,D0081,U0112,PUP Detected,chrome.exe,MEDIUM,Open,FALSE_POSITIVE,2026-03-13 10:30:57,iso_space,medium,
EDR000484,2026-03-16 19:12:43,D0147,U0069,Suspicious Process,antivirus_update.exe,MEDIUM,Closed,FALSE_POSITIVE,2026-03-16 19:12:43,iso_space,Medium,
EDR001657,2026-03-22 16:53:59,D0091,U0202,Credential Access,psexec.exe,CRITICAL,Open,NEEDS_INVESTIGATION,2026-03-22T16:53:59Z,iso_z,Critical,
EDR000957,2026-03-11 08:17:49,D0160,U0039,Suspicious Process,teams.exe,LOW,Open,FALSE_POSITIVE,2026-03-11T08:17:49Z,iso_z,Low,
EDR001075,2026-03-05 17:16:40,D0080,U0201,PUP Detected,python.exe,LOW,In Progress,FALSE_POSITIVE,2026-03-05 17:16:40,iso_space,Low,
EDR001542,2026-03-11 18:03:00,D0068,U0325,Suspicious Process,backup_agent.exe,HIGH,Closed,FALSE_POSITIVE,2026-03-11 18:03:00,iso_space,HIGH,
EDR001266,2026-03-11 04:15:00,D0098,U0330,Suspicious Process,backup_agent.exe,HIGH,Closed,FALSE_POSITIVE,2026-03-11T04:15:00Z,iso_z,High,
EDR001449,2026-03-11 13:24:00,D0068,U0010,Suspicious Process,backup_agent.exe,HIGH,Closed,FALSE_POSITIVE,2026-03-11 13:24:00,iso_space,High,
EDR000776,2026-03-04 12:40:49,D0052,U0121,Suspicious Process,chrome.exe,LOW,Closed,FALSE_POSITIVE,2026-03-04T12:40:49Z,iso_z,Low,
EDR000743,2026-03-16 19:34:33,D0052,U0216,Suspicious Process,sccm_client.exe,HIGH,In Progress,,2026-03-16 19:34:33,iso_space,high,MISSING_ANALYST_DECISION
EDR000663,2026-03-21 19:39:59,D0050,U0343,PUP Detected,python.exe,LOW,In Progress,FALSE_POSITIVE,2026-03-21 19:39:59,iso_space,low,
EDR000349,2026-03-08 10:47:31,D0177,U0141,PUP Detected,outlook.exe,MEDIUM,Closed,FALSE_POSITIVE,2026-03-08 10:47:31,iso_space,MEDIUM,
EDR001388,2026-03-11 10:21:00,D0135,U0074,Suspicious Process,backup_agent.exe,HIGH,Closed,,2026-03-11 10:21:00,iso_space,high,MISSING_ANALYST_DECISION
EDR000320,2026-03-12 17:41:58,D0019,U0336,Suspicious Process,sccm_client.exe,HIGH,Closed,FALSE_POSITIVE,2026-03-12 17:41:58,iso_space,High,
EDR001527,2026-03-11 17:18:00,D0039,U0278,Suspicious Process,backup_agent.exe,HIGH,Closed,FALSE_POSITIVE,2026-03-11 17:18:00,iso_space,high,
EDR000193,2026-03-04 12:57:08,D0094,U0083,PUP Detected,inventory_scan.exe,HIGH,In Progress,FALSE_POSITIVE,2026-03-04 12:57:08,iso_space,HIGH,
EDR001145,2026-03-11 15:50:52,D0031,U0321,PUP Detected,teams.exe,LOW,Open,FALSE_POSITIVE,2026-03-11 15:50:52,iso_space,low,
EDR000711,2026-03-11 10:45:04,D0127,U0365,Unusual Network,sccm_client.exe,HIGH,In Progress,,2026-03-11 10:45:04,iso_space,HIGH,MISSING_ANALYST_DECISION
EDR000577,2026-03-15 18:12:36,D0164,U0079,Unusual Network,outlook.exe,HIGH,In Progress,FALSE_POSITIVE,2026-03-15 18:12:36,iso_space,HIGH,
EDR001755,2026-03-15 11:07:58,D0087,U0105,Malware Signature,rundll32.exe,CRITICAL,Closed,,2026-03-15 11:07:58,iso_space,critical,MISSING_ANALYST_DECISION
EDR000511,2026-03-18 11:22:22,D0029,U0192,Unusual Network,chrome.exe,LOW,Closed,FALSE_POSITIVE,2026-03-18 11:22:22,iso_space,LOW,
EDR001656,2026-03-08 09:43:40,D0092,U0119,PowerShell Abuse,sccm_client.exe,HIGH,In Progress,NEEDS_INVESTIGATION,2026-03-08 09:43:40,iso_space,high,
EDR000610,2026-03-08 19:29:56,D0028,U0043,PUP Detected,chrome.exe,LOW,Closed,FALSE_POSITIVE,2026-03-08 19:29:56,iso_space,LOW,
EDR000295,2026-03-11 19:02:25,D0145,U0337,Suspicious Process,chrome.exe,LOW,In Progress,FALSE_POSITIVE,2026-03-11 19:02:25,iso_space,low,
EDR001014,2026-03-04 09:25:17,D0187,U0308,Suspicious Process,antivirus_update.exe,MEDIUM,Open,FALSE_POSITIVE,2026-03-04T09:25:17Z,iso_z,medium,
EDR000085,2026-03-10 19:19:12,D0131,U0346,PUP Detected,python.exe,LOW,Closed,FALSE_POSITIVE,2026-03-10 19:19:12,iso_space,LOW,
EDR001104,2026-03-07 10:10:36,D0116,U0060,Unusual Network,inventory_scan.exe,HIGH,Closed,FALSE_POSITIVE,2026-03-07 10:10:36,iso_space,High,
EDR000115,2026-03-15 12:27:23,D0010,U0130,Suspicious Process,antivirus_update.exe,MEDIUM,Open,FALSE_POSITIVE,2026-03-15 12:27:23,iso_space,Medium,
EDR001417,2026-03-11 11:48:00,D0146,U0306,Suspicious Process,backup_agent.exe,HIGH,Closed,FALSE_POSITIVE,2026-03-11T11:48:00Z,iso_z,High,
EDR000440,2026-03-06 12:16:29,D0020,U0295,Unusual Network,outlook.exe,HIGH,Closed,FALSE_POSITIVE,2026-03-06 12:16:29,iso_space,High,
EDR001314,2026-03-11 06:39:00,D0046,U0105,Suspicious Process,backup_agent.exe,HIGH,Closed,,2026-03-11T06:39:00Z,iso_z,high,MISSING_ANALYST_DECISION
EDR001619,2026-03-16 19:23:52,D0146,U0043,PUP Detected,cryptolock.exe,CRITICAL,Closed,FALSE_POSITIVE,2026-03-16 19:23:52,iso_space,CRITICAL,
EDR001670,2026-03-03 12:40:33,D0060,U0017,PUP Detected,inventory_scan.exe,CRITICAL,In Progress,NEEDS_INVESTIGATION,2026-03-03 12:40:33,iso_space,critical,
EDR001786,2026-03-12 03:00:00,D0003,U0007,Credential Access,mimikatz.exe,CRITICAL,In Progress,NEEDS_INVESTIGATION,2026-03-12 03:00:00,iso_space,critical,
EDR001846,2026-03-17 08:33:55,D9008,U0099,PUP Detected,sccm_client.exe,LOW,Open,NEEDS_INVESTIGATION,2026-03-17 08:33:55,iso_space,Low,UNKNOWN_DEVICE_REF
EDR000011,2026-03-17 11:13:46,D0097,U0280,Suspicious Process,antivirus_update.exe,HIGH,Closed,FALSE_POSITIVE,2026-03-17 11:13:46,iso_space,HIGH,
EDR000798,2026-03-18 18:32:11,D0103,U0230,Unusual Network,teams.exe,MEDIUM,Open,FALSE_POSITIVE,2026-03-18 18:32:11,iso_space,Medium,
EDR000858,2026-03-03 19:54:27,D0131,U0329,Unusual Network,outlook.exe,LOW,Open,FALSE_POSITIVE,2026-03-03 19:54:27,iso_space,Low,
EDR000365,2026-03-02 17:44:01,D0152,U0261,PUP Detected,inventory_scan.exe,LOW,Open,FALSE_POSITIVE,2026-03-02 17:44:01,iso_space,LOW,
EDR001369,2026-03-11 09:24:00,D0164,U0329,Suspicious Process,backup_agent.exe,HIGH,Closed,FALSE_POSITIVE,2026-03-11 09:24:00,iso_space,high,
EDR001215,2026-03-11 01:42:00,D0179,U0339,Suspicious Process,backup_agent.exe,HIGH,Closed,,2026-03-11 01:42:00,iso_space,high,MISSING_ANALYST_DECISION
EDR000265,2026-03-16 10:59:42,D0140,U0270,Suspicious Process,sccm_client.exe,MEDIUM,Open,,2026-03-16T10:59:42Z,iso_z,MEDIUM,MISSING_ANALYST_DECISION
EDR000279,2026-03-11 14:20:13,D0016,U0062,PUP Detected,antivirus_update.exe,LOW,Open,FALSE_POSITIVE,2026-03-11 14:20:13,iso_space,LOW,
EDR001590,2026-03-04 15:17:23,D0075,U0117,PowerShell Abuse,powershell_enc.exe,MEDIUM,Open,NEEDS_INVESTIGATION,2026-03-04T15:17:23Z,iso_z,medium,
EDR001026,2026-03-19 08:54:20,D0123,U0365,Unusual Network,python.exe,MEDIUM,Open,FALSE_POSITIVE,2026-03-19 08:54:20,iso_space,MEDIUM,
EDR000304,2026-03-07 09:26:12,D0164,U0038,Suspicious Process,teams.exe,LOW,Closed,,2026-03-07T09:26:12Z,iso_z,low,MISSING_ANALYST_DECISION
EDR000934,2026-03-21 10:14:12,D0108,U0250,Suspicious Process,teams.exe,MEDIUM,In Progress,FALSE_POSITIVE,2026-03-21 10:14:12,iso_space,Medium,
EDR001626,2026-03-06 11:25:54,D0128,U0007,PUP Detected,chrome.exe,CRITICAL,In Progress,NEEDS_INVESTIGATION,2026-03-06 11:25:54,iso_space,Critical,
EDR000952,2026-03-17 14:31:45,D0159,U0018,PUP Detected,chrome.exe,MEDIUM,Open,FALSE_POSITIVE,2026-03-17 14:31:45,iso_space,Medium,
EDR001522,2026-03-11 17:03:00,D0027,U0209,Suspicious Process,backup_agent.exe,HIGH,Closed,FALSE_POSITIVE,2026-03-11 17:03:00,iso_space,high,
EDR000481,2026-03-18 15:25:19,D0070,U0041,Unusual Network,outlook.exe,LOW,Open,FALSE_POSITIVE,2026-03-18 15:25:19,iso_space,low,
EDR001822,2026-03-17 03:40:00,D0011,U0113,Persistence Attempt,cryptolock.exe,CRITICAL,Open,TRUE_POSITIVE,2026-03-17 03:40:00,iso_space,CRITICAL,
EDR001116,2026-03-02 19:32:39,D0188,U0325,PUP Detected,inventory_scan.exe,LOW,Closed,FALSE_POSITIVE,2026-03-02T19:32:39Z,iso_z,LOW,
EDR000935,2026-03-13 09:23:19,D0113,U0104,PUP Detected,teams.exe,LOW,In Progress,FALSE_POSITIVE,2026-03-13 09:23:19,iso_space,low,
EDR000741,2026-03-18 13:42:19,D0097,U0146,PUP Detected,outlook.exe,MEDIUM,In Progress,FALSE_POSITIVE,2026-03-18 13:42:19,iso_space,Medium,
EDR001764,2026-03-19 08:37:39,D0101,U0045,Malware Signature,cryptolock.exe,HIGH,Closed,TRUE_POSITIVE,2026-03-19T08:37:39Z,iso_z,high,
EDR001489,2026-03-11 15:24:00,D0041,U0363,Suspicious Process,backup_agent.exe,HIGH,Closed,FALSE_POSITIVE,2026-03-11 15:24:00,iso_space,High,
EDR001789,2026-03-12 03:09:00,D0003,U0007,Persistence Attempt,mimikatz.exe,CRITICAL,Open,NEEDS_INVESTIGATION,2026-03-12T03:09:00Z,iso_z,critical,
EDR001537,2026-03-11 17:48:00,D0150,U0340,Suspicious Process,backup_agent.exe,HIGH,Closed,FALSE_POSITIVE,2026-03-11T17:48:00Z,iso_z,High,
EDR000866,2026-03-18 15:06:51,D0105,U0341,Unusual Network,python.exe,LOW,In Progress,FALSE_POSITIVE,2026-03-18 15:06:51,iso_space,Low,
EDR001157,2026-03-15 09:25:50,D0119,U0291,Suspicious Process,chrome.exe,HIGH,In Progress,FALSE_POSITIVE,2026-03-15T09:25:50Z,iso_z,high,
EDR000185,2026-03-11 10:28:56,D0034,U0208,Unusual Network,python.exe,LOW,In Progress,FALSE_POSITIVE,2026-03-11 10:28:56,iso_space,Low,
EDR000155,2026-03-08 15:52:57,D0021,U0207,PUP Detected,chrome.exe,LOW,In Progress,,2026-03-08 15:52:57,iso_space,LOW,MISSING_ANALYST_DECISION
EDR000786,2026-03-10 08:05:09,D0015,U0148,Suspicious Process,sccm_client.exe,HIGH,Closed,FALSE_POSITIVE,2026-03-10 08:05:09,iso_space,HIGH,
EDR001599,2026-03-05 18:57:35,D0063,U0017,Malware Signature,mimikatz.exe,HIGH,In Progress,NEEDS_INVESTIGATION,2026-03-05 18:57:35,iso_space,High,
EDR001534,2026-03-11 17:39:00,D0166,U0197,Suspicious Process,backup_agent.exe,HIGH,Closed,FALSE_POSITIVE,2026-03-11T17:39:00Z,iso_z,high,
EDR000341,2026-03-18 09:04:30,D0012,U0317,PUP Detected,sccm_client.exe,MEDIUM,In Progress,FALSE_POSITIVE,2026-03-18T09:04:30Z,iso_z,medium,
EDR000574,2026-03-05 08:27:44,D0103,U0251,PUP Detected,antivirus_update.exe,LOW,In Progress,FALSE_POSITIVE,2026-03-05 08:27:44,iso_space,LOW,
EDR000612,2026-03-02 14:21:40,D0164,U0194,PUP Detected,outlook.exe,HIGH,Closed,,2026-03-02T14:21:40Z,iso_z,High,MISSING_ANALYST_DECISION
EDR001588,2026-03-11 15:05:27,D0015,U0379,Credential Access,inventory_scan.exe,MEDIUM,Open,NEEDS_INVESTIGATION,2026-03-11 15:05:27,iso_space,MEDIUM,
EDR000595,2026-03-13 10:32:25,D0145,U0064,Unusual Network,python.exe,LOW,In Progress,FALSE_POSITIVE,2026-03-13 10:32:25,iso_space,Low,
EDR000639,2026-03-20 15:21:20,D0116,U0309,Unusual Network,chrome.exe,MEDIUM,Closed,FALSE_POSITIVE,2026-03-20 15:21:20,iso_space,Medium,
EDR000037,2026-03-13 15:45:55,D0188,U0212,Suspicious Process,chrome.exe,LOW,Closed,FALSE_POSITIVE,2026-03-13 15:45:55,iso_space,low,
EDR001800,2026-03-12 03:42:00,D0003,U0007,Credential Access,mimikatz.exe,HIGH,In Progress,NEEDS_INVESTIGATION,2026-03-12 03:42:00,iso_space,HIGH,
EDR001088,2026-03-12 17:03:13,D0041,U0149,PUP Detected,teams.exe,HIGH,In Progress,FALSE_POSITIVE,2026-03-12 17:03:13,iso_space,HIGH,
EDR000587,2026-03-15 17:32:28,D0032,U0002,PUP Detected,chrome.exe,MEDIUM,Open,,2026-03-15 17:32:28,iso_space,Medium,MISSING_ANALYST_DECISION
EDR000256,2026-03-04 13:56:19,D0044,U0234,Unusual Network,outlook.exe,MEDIUM,Open,FALSE_POSITIVE,2026-03-04 13:56:19,iso_space,medium,
EDR000012,2026-03-03 11:11:15,D0061,U0012,PUP Detected,chrome.exe,MEDIUM,In Progress,FALSE_POSITIVE,2026-03-03T11:11:15Z,iso_z,Medium,
EDR000936,2026-03-02 11:44:18,D0181,U0150,Suspicious Process,outlook.exe,MEDIUM,Closed,FALSE_POSITIVE,2026-03-02T11:44:18Z,iso_z,Medium,
EDR001396,2026-03-11 10:45:00,D0105,U0347,Suspicious Process,backup_agent.exe,HIGH,Closed,,2026-03-11 10:45:00,iso_space,High,MISSING_ANALYST_DECISION
EDR000107,2026-03-09 18:00:37,D0121,U0235,Unusual Network,antivirus_update.exe,LOW,Open,FALSE_POSITIVE,2026-03-09 18:00:37,iso_space,LOW,
EDR000920,2026-03-09 19:28:50,D0145,U0097,Unusual Network,antivirus_update.exe,HIGH,In Progress,FALSE_POSITIVE,2026-03-09T19:28:50Z,iso_z,HIGH,
EDR001519,2026-03-11 16:54:00,D0141,U0385,Suspicious Process,backup_agent.exe,HIGH,Closed,FALSE_POSITIVE,2026-03-11 16:54:00,iso_space,high,
EDR000765,2026-03-11 10:36:17,D0050,U0050,Suspicious Process,chrome.exe,HIGH,Closed,,2026-03-11 10:36:17,iso_space,HIGH,MISSING_ANALYST_DECISION
EDR001439,2026-03-11 12:54:00,D0138,U0003,Suspicious Process,backup_agent.exe,HIGH,Closed,FALSE_POSITIVE,2026-03-11 12:54:00,iso_space,High,
EDR000035,2026-03-09 14:55:07,D0182,U0231,Unusual Network,python.exe,HIGH,In Progress,FALSE_POSITIVE,2026-03-09 14:55:07,iso_space,high,
EDR001492,2026-03-11 15:33:00,D0188,U0216,Suspicious Process,backup_agent.exe,HIGH,Closed,FALSE_POSITIVE,2026-03-11 15:33:00,iso_space,High,
EDR001331,2026-03-11 07:30:00,D0051,U0204,Suspicious Process,backup_agent.exe,HIGH,Closed,FALSE_POSITIVE,2026-03-11 07:30:00,iso_space,high,
EDR000830,2026-03-09 12:10:04,D0110,U0001,Suspicious Process,inventory_scan.exe,MEDIUM,Open,,2026-03-09 12:10:04,iso_space,medium,MISSING_ANALYST_DECISION
EDR000486,2026-03-08 10:37:56,D0018,U0122,Suspicious Process,chrome.exe,LOW,Open,FALSE_POSITIVE,2026-03-08 10:37:56,iso_space,LOW,
EDR001377,2026-03-11 09:48:00,D0183,U0312,Suspicious Process,backup_agent.exe,HIGH,Closed,FALSE_POSITIVE,2026-03-11 09:48:00,iso_space,High,
EDR001505,2026-03-11 16:12:00,D0123,U0077,Suspicious Process,backup_agent.exe,HIGH,Closed,FALSE_POSITIVE,2026-03-11 16:12:00,iso_space,High,
EDR001171,2026-03-04 18:46:04,D0006,U0135,PUP Detected,teams.exe,LOW,Open,FALSE_POSITIVE,2026-03-04 18:46:04,iso_space,LOW,
EDR001279,2026-03-11 04:54:00,D0111,U0368,Suspicious Process,backup_agent.exe,HIGH,Closed,FALSE_POSITIVE,2026-03-11 04:54:00,iso_space,HIGH,
EDR000578,2026-03-20 18:46:46,D0199,U0044,Unusual Network,chrome.exe,MEDIUM,In Progress,FALSE_POSITIVE,2026-03-20T18:46:46Z,iso_z,MEDIUM,
EDR000760,2026-03-13 11:53:00,D0030,U0220,Suspicious Process,chrome.exe,HIGH,Closed,FALSE_POSITIVE,2026-03-13 11:53:00,iso_space,HIGH,
EDR001253,2026-03-11 03:36:00,D0065,U0348,Suspicious Process,backup_agent.exe,HIGH,Closed,FALSE_POSITIVE,2026-03-11 03:36:00,iso_space,HIGH,
EDR001666,2026-03-21 12:40:26,D0188,U0179,Malware Signature,cryptolock.exe,MEDIUM,In Progress,NEEDS_INVESTIGATION,2026-03-21 12:40:26,iso_space,Medium,
EDR000883,2026-03-15 13:15:17,D0065,U0131,Suspicious Process,inventory_scan.exe,HIGH,Closed,FALSE_POSITIVE,2026-03-15 13:15:17,iso_space,HIGH,
EDR001351,2026-03-11 08:30:00,D0187,U0082,Suspicious Process,backup_agent.exe,HIGH,Closed,FALSE_POSITIVE,2026-03-11 08:30:00,iso_space,High,
EDR000768,2026-03-16 08:26:45,D0022,U0183,Unusual Network,outlook.exe,MEDIUM,In Progress,FALSE_POSITIVE,2026-03-16T08:26:45Z,iso_z,MEDIUM,
EDR000168,2026-03-07 18:00:42,D0108,U0093,Unusual Network,teams.exe,MEDIUM,Closed,FALSE_POSITIVE,2026-03-07 18:00:42,iso_space,Medium,
EDR001450,2026-03-11 13:27:00,D0056,U0062,Suspicious Process,backup_agent.exe,HIGH,Closed,FALSE_POSITIVE,2026-03-11 13:27:00,iso_space,high,
EDR001343,2026-03-11 08:06:00,D0101,U0144,Suspicious Process,backup_agent.exe,HIGH,Closed,FALSE_POSITIVE,2026-03-11 08:06:00,iso_space,High,
EDR001273,2026-03-11 04:36:00,D0140,U0030,Suspicious Process,backup_agent.exe,HIGH,Closed,,2026-03-11 04:36:00,iso_space,HIGH,MISSING_ANALYST_DECISION
EDR000326,2026-03-20 13:08:00,D0062,U0178,PUP Detected,antivirus_update.exe,HIGH,Closed,,2026-03-20 13:08:00,iso_space,High,MISSING_ANALYST_DECISION
EDR000536,2026-03-17 08:17:32,D0057,U0367,Suspicious Process,teams.exe,MEDIUM,In Progress,FALSE_POSITIVE,2026-03-17 08:17:32,iso_space,MEDIUM,
EDR001539,2026-03-11 17:54:00,D0090,U0006,Suspicious Process,backup_agent.exe,HIGH,Closed,FALSE_POSITIVE,2026-03-11 17:54:00,iso_space,HIGH,
EDR000916,2026-03-17 11:08:40,D0042,U0326,Unusual Network,python.exe,MEDIUM,In Progress,FALSE_POSITIVE,2026-03-17 11:08:40,iso_space,medium,
EDR001370,2026-03-11 09:27:00,D0191,U0157,Suspicious Process,backup_agent.exe,HIGH,Closed,FALSE_POSITIVE,2026-03-11 09:27:00,iso_space,HIGH,
EDR000093,2026-03-17 16:22:19,D0029,U0085,Unusual Network,sccm_client.exe,LOW,In Progress,FALSE_POSITIVE,2026-03-17 16:22:19,iso_space,LOW,
EDR000207,2026-03-04 09:30:55,D0100,U0135,Suspicious Process,python.exe,MEDIUM,In Progress,FALSE_POSITIVE,2026-03-04 09:30:55,iso_space,medium,
EDR000430,2026-03-12 16:13:12,D0064,U0201,Unusual Network,inventory_scan.exe,LOW,Open,FALSE_POSITIVE,2026-03-12T16:13:12Z,iso_z,Low,
EDR001045,2026-03-09 08:07:18,D0013,U0121,Suspicious Process,inventory_scan.exe,MEDIUM,Closed,FALSE_POSITIVE,2026-03-09 08:07:18,iso_space,Medium,
EDR000564,2026-03-13 14:10:21,D0114,U0214,Suspicious Process,inventory_scan.exe,LOW,Open,,2026-03-13 14:10:21,iso_space,LOW,MISSING_ANALYST_DECISION
EDR001117,2026-03-15 12:45:32,D0105,U0169,Suspicious Process,antivirus_update.exe,LOW,Closed,FALSE_POSITIVE,2026-03-15 12:45:32,iso_space,Low,
EDR001307,2026-03-11 06:18:00,D0069,U0316,Suspicious Process,backup_agent.exe,HIGH,Closed,FALSE_POSITIVE,2026-03-11T06:18:00Z,iso_z,HIGH,
EDR001070,2026-03-07 19:11:45,D0007,U0323,PUP Detected,python.exe,LOW,Closed,FALSE_POSITIVE,2026-03-07 19:11:45,iso_space,Low,
EDR001533,2026-03-11 17:36:00,D0063,U0218,Suspicious Process,backup_agent.exe,HIGH,Closed,FALSE_POSITIVE,2026-03-11T17:36:00Z,iso_z,HIGH,
EDR001767,2026-03-21 14:52:05,D0073,U0031,Persistence Attempt,powershell_enc.exe,HIGH,Closed,TRUE_POSITIVE,2026-03-21T14:52:05Z,iso_z,HIGH,
EDR001345,2026-03-11 08:12:00,D0143,U0077,Suspicious Process,backup_agent.exe,HIGH,Closed,FALSE_POSITIVE,2026-03-11 08:12:00,iso_space,HIGH,
EDR001393,2026-03-11 10:36:00,D0190,U0027,Suspicious Process,backup_agent.exe,HIGH,Closed,FALSE_POSITIVE,2026-03-11 10:36:00,iso_space,High,
EDR001085,2026-03-14 15:02:04,D0133,U0353,Suspicious Process,sccm_client.exe,HIGH,In Progress,FALSE_POSITIVE,2026-03-14 15:02:04,iso_space,HIGH,
EDR000476,2026-03-16 15:21:46,D0171,U0237,PUP Detected,chrome.exe,LOW,Open,FALSE_POSITIVE,2026-03-16 15:21:46,iso_space,Low,
EDR001207,2026-03-11 01:18:00,D0065,U0332,Suspicious Process,backup_agent.exe,HIGH,Closed,FALSE_POSITIVE,2026-03-11 01:18:00,iso_space,high,
EDR001110,2026-03-12 09:48:37,D0056,U0113,Unusual Network,chrome.exe,LOW,Open,FALSE_POSITIVE,2026-03-12T09:48:37Z,iso_z,Low,
EDR000722,2026-03-08 10:54:05,D0170,U0124,PUP Detected,outlook.exe,HIGH,Open,FALSE_POSITIVE,2026-03-08 10:54:05,iso_space,HIGH,
EDR001651,2026-03-12 18:00:49,D0097,U0209,Credential Access,psexec.exe,MEDIUM,Open,NEEDS_INVESTIGATION,2026-03-12 18:00:49,iso_space,Medium,
EDR001468,2026-03-11 14:21:00,D0098,U0145,Suspicious Process,backup_agent.exe,HIGH,Closed,FALSE_POSITIVE,2026-03-11 14:21:00,iso_space,HIGH,
EDR001105,2026-03-16 15:40:09,D0133,U0262,Suspicious Process,python.exe,MEDIUM,Open,FALSE_POSITIVE,2026-03-16 15:40:09,iso_space,MEDIUM,
EDR000079,2026-03-04 09:18:11,D0039,U0232,Unusual Network,inventory_scan.exe,MEDIUM,Open,,2026-03-04T09:18:11Z,iso_z,MEDIUM,MISSING_ANALYST_DECISION
EDR000177,2026-03-13 18:43:22,D0135,U0306,PUP Detected,python.exe,LOW,Open,FALSE_POSITIVE,2026-03-13 18:43:22,iso_space,Low,
EDR001272,2026-03-11 04:33:00,D0135,U0304,Suspicious Process,backup_agent.exe,HIGH,Closed,,2026-03-11 04:33:00,iso_space,High,MISSING_ANALYST_DECISION
EDR000669,2026-03-10 17:48:03,D0086,U0039,Unusual Network,python.exe,MEDIUM,In Progress,FALSE_POSITIVE,2026-03-10 17:48:03,iso_space,medium,
EDR001239,2026-03-11 02:54:00,D0176,U0063,Suspicious Process,backup_agent.exe,HIGH,Closed,FALSE_POSITIVE,2026-03-11T02:54:00Z,iso_z,High,
EDR000724,2026-03-19 11:59:32,D0070,U0317,Unusual Network,inventory_scan.exe,HIGH,Open,FALSE_POSITIVE,2026-03-19 11:59:32,iso_space,HIGH,
EDR001659,2026-03-13 18:56:13,D0085,U0159,Malware Signature,sccm_client.exe,LOW,Open,NEEDS_INVESTIGATION,2026-03-13T18:56:13Z,iso_z,low,
EDR000084,2026-03-17 16:02:53,D0022,U0213,Unusual Network,antivirus_update.exe,HIGH,Open,FALSE_POSITIVE,2026-03-17 16:02:53,iso_space,HIGH,
EDR000136,2026-03-11 14:33:31,D0155,U0021,Suspicious Process,inventory_scan.exe,HIGH,Open,FALSE_POSITIVE,2026-03-11 14:33:31,iso_space,high,
EDR001228,2026-03-11 02:21:00,D0009,U0059,Suspicious Process,backup_agent.exe,HIGH,Closed,FALSE_POSITIVE,2026-03-11T02:21:00Z,iso_z,High,
EDR001844,2026-03-20 13:00:17,D9002,U0256,Credential Access,outlook.exe,HIGH,Open,NEEDS_INVESTIGATION,2026-03-20 13:00:17,iso_space,High,UNKNOWN_DEVICE_REF
EDR000835,2026-03-19 17:17:52,D0072,U0310,Suspicious Process,inventory_scan.exe,HIGH,Closed,FALSE_POSITIVE,2026-03-19 17:17:52,iso_space,HIGH,
EDR000680,2026-03-06 19:36:02,D0128,U0300,PUP Detected,sccm_client.exe,MEDIUM,In Progress,FALSE_POSITIVE,2026-03-06 19:36:02,iso_space,Medium,
EDR001263,2026-03-11 04:06:00,D0180,U0344,Suspicious Process,backup_agent.exe,HIGH,Closed,FALSE_POSITIVE,2026-03-11 04:06:00,iso_space,HIGH,
EDR001757,2026-03-13 17:48:02,D0013,U0138,PowerShell Abuse,psexec.exe,CRITICAL,Closed,TRUE_POSITIVE,2026-03-13 17:48:02,iso_space,CRITICAL,
EDR001782,2026-03-12 02:48:00,D0003,U0007,Credential Access,cryptolock.exe,HIGH,In Progress,TRUE_POSITIVE,2026-03-12 02:48:00,iso_space,HIGH,
EDR001068,2026-03-07 10:14:28,D0114,U0064,Unusual Network,inventory_scan.exe,LOW,Open,,2026-03-07 10:14:28,iso_space,Low,MISSING_ANALYST_DECISION
EDR000983,2026-03-11 08:45:04,D0170,U0316,Suspicious Process,teams.exe,HIGH,Closed,,2026-03-11T08:45:04Z,iso_z,HIGH,MISSING_ANALYST_DECISION
EDR001833,2026-03-13 19:10:19,D9005,U0273,Unusual Network,chrome.exe,LOW,Open,NEEDS_INVESTIGATION,2026-03-13 19:10:19,iso_space,low,UNKNOWN_DEVICE_REF
EDR001849,2026-03-02 17:32:46,D9007,U0006,Unusual Network,python.exe,CRITICAL,Open,NEEDS_INVESTIGATION,2026-03-02T17:32:46Z,iso_z,critical,UNKNOWN_DEVICE_REF
EDR001737,2026-03-10 14:59:40,D0070,U0086,Persistence Attempt,mimikatz.exe,CRITICAL,Closed,TRUE_POSITIVE,2026-03-10 14:59:40,iso_space,Critical,
EDR000958,2026-03-08 09:53:37,D0153,U0119,Unusual Network,outlook.exe,LOW,Closed,FALSE_POSITIVE,2026-03-08 09:53:37,iso_space,low,
EDR001839,2026-03-13 13:45:05,D9006,U0098,PowerShell Abuse,antivirus_update.exe,HIGH,Open,NEEDS_INVESTIGATION,2026-03-13 13:45:05,iso_space,High,UNKNOWN_DEVICE_REF
EDR000938,2026-03-12 14:40:07,D0067,U0362,Suspicious Process,python.exe,LOW,In Progress,FALSE_POSITIVE,2026-03-12 14:40:07,iso_space,low,
EDR001432,2026-03-11 12:33:00,D0119,U0338,Suspicious Process,backup_agent.exe,HIGH,Closed,FALSE_POSITIVE,2026-03-11 12:33:00,iso_space,high,
EDR001543,2026-03-11 18:06:00,D0067,U0064,Suspicious Process,backup_agent.exe,HIGH,Closed,FALSE_POSITIVE,2026-03-11 18:06:00,iso_space,HIGH,
EDR001008,2026-03-21 15:56:13,D0122,U0336,Suspicious Process,sccm_client.exe,HIGH,In Progress,,2026-03-21T15:56:13Z,iso_z,HIGH,MISSING_ANALYST_DECISION
EDR000463,2026-03-07 16:17:01,D0186,U0239,Unusual Network,inventory_scan.exe,HIGH,In Progress,,2026-03-07 16:17:01,iso_space,high,MISSING_ANALYST_DECISION
EDR001751,2026-03-03 09:21:25,D0064,U0015,Malware Signature,psexec.exe,CRITICAL,Closed,TRUE_POSITIVE,2026-03-03 09:21:25,iso_space,critical,
EDR001425,2026-03-11 12:12:00,D0193,U0204,Suspicious Process,backup_agent.exe,HIGH,Closed,FALSE_POSITIVE,2026-03-11 12:12:00,iso_space,HIGH,
EDR000925,2026-03-11 17:43:14,D0027,U0078,Unusual Network,antivirus_update.exe,LOW,Closed,,2026-03-11 17:43:14,iso_space,low,MISSING_ANALYST_DECISION
EDR000555,2026-03-22 08:08:08,D0032,U0320,PUP Detected,teams.exe,HIGH,In Progress,FALSE_POSITIVE,2026-03-22T08:08:08Z,iso_z,High,
EDR000446,2026-03-03 16:56:28,D0173,U0228,PUP Detected,outlook.exe,LOW,Closed,FALSE_POSITIVE,2026-03-03 16:56:28,iso_space,low,
EDR000616,2026-03-19 13:10:30,D0170,U0261,Unusual Network,antivirus_update.exe,HIGH,In Progress,FALSE_POSITIVE,2026-03-19 13:10:30,iso_space,high,
EDR001446,2026-03-11 13:15:00,D0123,U0315,Suspicious Process,backup_agent.exe,HIGH,Closed,FALSE_POSITIVE,2026-03-11 13:15:00,iso_space,high,
EDR000635,2026-03-06 08:07:13,D0040,U0383,PUP Detected,sccm_client.exe,LOW,In Progress,FALSE_POSITIVE,2026-03-06T08:07:13Z,iso_z,low,
EDR000091,2026-03-04 13:37:11,D0073,U0344,Unusual Network,antivirus_update.exe,HIGH,In Progress,FALSE_POSITIVE,2026-03-04T13:37:11Z,iso_z,high,
EDR000588,2026-03-09 19:01:56,D0124,U0351,Suspicious Process,sccm_client.exe,MEDIUM,In Progress,FALSE_POSITIVE,2026-03-09 19:01:56,iso_space,Medium,
EDR001229,2026-03-11 02:24:00,D0123,U0062,Suspicious Process,backup_agent.exe,HIGH,Closed,FALSE_POSITIVE,2026-03-11 02:24:00,iso_space,HIGH,
EDR000138,2026-03-10 18:45:31,D0092,U0187,Unusual Network,chrome.exe,LOW,Open,FALSE_POSITIVE,2026-03-10 18:45:31,iso_space,LOW,
EDR000071,2026-03-02 19:56:30,D0095,U0389,Unusual Network,chrome.exe,HIGH,Open,FALSE_POSITIVE,2026-03-02T19:56:30Z,iso_z,HIGH,
EDR001426,2026-03-11 12:15:00,D0139,U0354,Suspicious Process,backup_agent.exe,HIGH,Closed,FALSE_POSITIVE,2026-03-11T12:15:00Z,iso_z,high,
EDR000544,2026-03-02 18:21:48,D0072,U0224,Unusual Network,chrome.exe,LOW,Closed,,2026-03-02 18:21:48,iso_space,Low,MISSING_ANALYST_DECISION
EDR001501,2026-03-11 16:00:00,D0044,U0374,Suspicious Process,backup_agent.exe,HIGH,Closed,FALSE_POSITIVE,2026-03-11 16:00:00,iso_space,high,
EDR001556,2026-03-11 18:45:00,D0025,U0205,Suspicious Process,backup_agent.exe,HIGH,Closed,FALSE_POSITIVE,2026-03-11 18:45:00,iso_space,High,
EDR000982,2026-03-21 08:38:09,D0044,U0016,Unusual Network,chrome.exe,MEDIUM,Closed,FALSE_POSITIVE,2026-03-21 08:38:09,iso_space,MEDIUM,
EDR001636,2026-03-07 13:32:53,D0086,U0200,Credential Access,rundll32.exe,CRITICAL,In Progress,NEEDS_INVESTIGATION,2026-03-07T13:32:53Z,iso_z,Critical,
EDR000684,2026-03-07 17:20:53,D0008,U0263,PUP Detected,sccm_client.exe,LOW,Open,FALSE_POSITIVE,2026-03-07 17:20:53,iso_space,LOW,
EDR000456,2026-03-14 08:44:38,D0014,U0207,Unusual Network,outlook.exe,HIGH,In Progress,FALSE_POSITIVE,2026-03-14 08:44:38,iso_space,HIGH,
EDR000787,2026-03-03 14:46:17,D0149,U0163,PUP Detected,teams.exe,LOW,Closed,FALSE_POSITIVE,2026-03-03 14:46:17,iso_space,LOW,
EDR001676,2026-03-09 17:55:47,D0177,U0318,Unusual Network,sccm_client.exe,HIGH,In Progress,NEEDS_INVESTIGATION,2026-03-09 17:55:47,iso_space,HIGH,
EDR000959,2026-03-10 14:17:57,D0018,U0047,Suspicious Process,antivirus_update.exe,MEDIUM,Closed,FALSE_POSITIVE,2026-03-10T14:17:57Z,iso_z,Medium,
EDR001494,2026-03-11 15:39:00,D0112,U0252,Suspicious Process,backup_agent.exe,HIGH,Closed,FALSE_POSITIVE,2026-03-11T15:39:00Z,iso_z,HIGH,
EDR000415,2026-03-11 16:57:35,D0077,U0379,Suspicious Process,python.exe,LOW,In Progress,FALSE_POSITIVE,2026-03-11 16:57:35,iso_space,Low,
EDR000426,2026-03-02 12:51:06,D0032,U0293,Suspicious Process,outlook.exe,LOW,In Progress,FALSE_POSITIVE,2026-03-02 12:51:06,iso_space,Low,
EDR001691,2026-03-04 16:20:45,D0182,U0395,Credential Access,outlook.exe,CRITICAL,In Progress,NEEDS_INVESTIGATION,2026-03-04T16:20:45Z,iso_z,critical,
EDR001591,2026-03-08 08:12:03,D0107,U0049,Credential Access,chrome.exe,CRITICAL,Open,NEEDS_INVESTIGATION,2026-03-08 08:12:03,iso_space,CRITICAL,
EDR001490,2026-03-11 15:27:00,D0046,U0099,Suspicious Process,backup_agent.exe,HIGH,Closed,FALSE_POSITIVE,2026-03-11 15:27:00,iso_space,High,
EDR001695,2026-03-16 18:54:13,D0045,U0380,PUP Detected,mimikatz.exe,CRITICAL,Closed,FALSE_POSITIVE,2026-03-16 18:54:13,iso_space,CRITICAL,
EDR001347,2026-03-11 08:18:00,D0048,U0389,Suspicious Process,backup_agent.exe,HIGH,Closed,FALSE_POSITIVE,2026-03-11T08:18:00Z,iso_z,HIGH,
EDR001783,2026-03-12 02:51:00,D0003,U0007,PowerShell Abuse,mimikatz.exe,HIGH,Open,NEEDS_INVESTIGATION,2026-03-12 02:51:00,iso_space,HIGH,
EDR001746,2026-03-17 12:35:58,D0172,U0386,Credential Access,psexec.exe,CRITICAL,Closed,TRUE_POSITIVE,2026-03-17 12:35:58,iso_space,critical,
EDR001460,2026-03-11 13:57:00,D0177,U0205,Suspicious Process,backup_agent.exe,HIGH,Closed,FALSE_POSITIVE,2026-03-11T13:57:00Z,iso_z,High,
EDR001481,2026-03-11 15:00:00,D0004,U0157,Suspicious Process,backup_agent.exe,HIGH,Closed,FALSE_POSITIVE,2026-03-11 15:00:00,iso_space,HIGH,
EDR000108,2026-03-20 17:47:19,D0116,U0238,PUP Detected,outlook.exe,HIGH,Closed,FALSE_POSITIVE,2026-03-20 17:47:19,iso_space,High,
EDR000643,2026-03-03 09:10:40,D0146,U0250,Suspicious Process,antivirus_update.exe,HIGH,Open,FALSE_POSITIVE,2026-03-03 09:10:40,iso_space,High,
EDR001033,2026-03-19 15:54:47,D0154,U0075,Suspicious Process,antivirus_update.exe,LOW,In Progress,FALSE_POSITIVE,2026-03-19 15:54:47,iso_space,Low,
EDR000708,2026-03-21 15:40:56,D0041,U0093,PUP Detected,antivirus_update.exe,MEDIUM,Closed,FALSE_POSITIVE,2026-03-21 15:40:56,iso_space,Medium,
EDR000996,2026-03-16 15:51:50,D0198,U0189,Unusual Network,outlook.exe,MEDIUM,In Progress,FALSE_POSITIVE,2026-03-16T15:51:50Z,iso_z,MEDIUM,
EDR000553,2026-03-19 15:24:04,D0021,U0085,PUP Detected,inventory_scan.exe,LOW,Closed,FALSE_POSITIVE,2026-03-19 15:24:04,iso_space,Low,
EDR001044,2026-03-17 10:14:07,D0056,U0125,PUP Detected,python.exe,MEDIUM,In Progress,FALSE_POSITIVE,2026-03-17 10:14:07,iso_space,Medium,
EDR000829,2026-03-18 14:55:13,D0159,U0238,Unusual Network,teams.exe,HIGH,In Progress,FALSE_POSITIVE,2026-03-18 14:55:13,iso_space,HIGH,
EDR001675,2026-03-02 08:43:22,D0097,U0068,Unusual Network,chrome.exe,CRITICAL,In Progress,,2026-03-02 08:43:22,iso_space,Critical,MISSING_ANALYST_DECISION
EDR000013,2026-03-08 12:03:27,D0078,U0112,PUP Detected,inventory_scan.exe,LOW,Closed,FALSE_POSITIVE,2026-03-08 12:03:27,iso_space,low,
EDR001578,2026-03-11 19:51:00,D0143,U0094,Suspicious Process,backup_agent.exe,HIGH,Closed,FALSE_POSITIVE,2026-03-11 19:51:00,iso_space,high,
EDR001710,2026-03-22 10:34:08,D0175,U0284,Ransomware Behaviour,powershell_enc.exe,CRITICAL,In Progress,NEEDS_INVESTIGATION,2026-03-22 10:34:08,iso_space,critical,
EDR000030,2026-03-02 13:14:51,D0067,U0138,Unusual Network,outlook.exe,LOW,In Progress,FALSE_POSITIVE,2026-03-02 13:14:51,iso_space,LOW,
EDR001616,2026-03-12 09:34:11,D0169,U0157,Unusual Network,mimikatz.exe,LOW,Open,NEEDS_INVESTIGATION,2026-03-12 09:34:11,iso_space,Low,
EDR000582,2026-03-17 13:27:23,D0193,U0283,Unusual Network,outlook.exe,HIGH,Closed,FALSE_POSITIVE,2026-03-17 13:27:23,iso_space,HIGH,
EDR000208,2026-03-09 11:46:08,D0001,U0149,PUP Detected,outlook.exe,HIGH,In Progress,FALSE_POSITIVE,2026-03-09 11:46:08,iso_space,High,
EDR001392,2026-03-11 10:33:00,D0176,U0068,Suspicious Process,backup_agent.exe,HIGH,Closed,FALSE_POSITIVE,2026-03-11 10:33:00,iso_space,high,
EDR000769,2026-03-15 09:06:39,D0142,U0381,PUP Detected,python.exe,LOW,Open,FALSE_POSITIVE,2026-03-15 09:06:39,iso_space,LOW,
EDR001759,2026-03-11 11:43:56,D0074,U0358,PowerShell Abuse,mimikatz.exe,HIGH,Closed,TRUE_POSITIVE,2026-03-11T11:43:56Z,iso_z,high,
EDR001164,2026-03-16 18:38:29,D0166,U0089,PUP Detected,teams.exe,HIGH,Closed,FALSE_POSITIVE,2026-03-16 18:38:29,iso_space,high,
EDR001402,2026-03-11 11:03:00,D0194,U0013,Suspicious Process,backup_agent.exe,HIGH,Closed,FALSE_POSITIVE,2026-03-11T11:03:00Z,iso_z,high,
EDR001418,2026-03-11 11:51:00,D0093,U0092,Suspicious Process,backup_agent.exe,HIGH,Closed,FALSE_POSITIVE,2026-03-11T11:51:00Z,iso_z,HIGH,
EDR000522,2026-03-02 14:53:50,D0046,U0047,PUP Detected,chrome.exe,MEDIUM,Open,FALSE_POSITIVE,2026-03-02T14:53:50Z,iso_z,MEDIUM,
EDR000493,2026-03-13 08:23:38,D0057,U0367,Suspicious Process,outlook.exe,MEDIUM,In Progress,FALSE_POSITIVE,2026-03-13T08:23:38Z,iso_z,medium,
EDR000714,2026-03-10 11:53:36,D0019,U0281,Suspicious Process,python.exe,HIGH,Open,,2026-03-10 11:53:36,iso_space,HIGH,MISSING_ANALYST_DECISION
EDR000963,2026-03-16 12:24:10,D0112,U0358,Suspicious Process,inventory_scan.exe,LOW,Closed,FALSE_POSITIVE,2026-03-16 12:24:10,iso_space,low,
EDR001510,2026-03-11 16:27:00,D0029,U0177,Suspicious Process,backup_agent.exe,HIGH,Closed,FALSE_POSITIVE,2026-03-11T16:27:00Z,iso_z,high,
EDR000799,2026-03-17 18:17:34,D0131,U0200,PUP Detected,antivirus_update.exe,HIGH,In Progress,FALSE_POSITIVE,2026-03-17T18:17:34Z,iso_z,HIGH,
EDR000296,2026-03-02 13:38:34,D0054,U0279,PUP Detected,teams.exe,HIGH,Closed,FALSE_POSITIVE,2026-03-02 13:38:34,iso_space,High,
EDR001424,2026-03-11 12:09:00,D0137,U0305,Suspicious Process,backup_agent.exe,HIGH,Closed,FALSE_POSITIVE,2026-03-11 12:09:00,iso_space,HIGH,
EDR000275,2026-03-18 12:41:41,D0172,U0171,Suspicious Process,outlook.exe,MEDIUM,Open,FALSE_POSITIVE,2026-03-18T12:41:41Z,iso_z,Medium,
EDR000053,2026-03-12 09:24:34,D0118,U0031,Unusual Network,sccm_client.exe,HIGH,Open,FALSE_POSITIVE,2026-03-12 09:24:34,iso_space,high,
EDR001495,2026-03-11 15:42:00,D0044,U0107,Suspicious Process,backup_agent.exe,HIGH,Closed,,2026-03-11 15:42:00,iso_space,High,MISSING_ANALYST_DECISION
EDR000454,2026-03-05 10:08:10,D0058,U0103,Suspicious Process,antivirus_update.exe,HIGH,Open,FALSE_POSITIVE,2026-03-05T10:08:10Z,iso_z,High,
EDR001723,2026-03-03 09:02:18,D0058,U0162,Persistence Attempt,powershell_enc.exe,HIGH,Open,NEEDS_INVESTIGATION,2026-03-03 09:02:18,iso_space,HIGH,
EDR001328,2026-03-11 07:21:00,D0064,U0054,Suspicious Process,backup_agent.exe,HIGH,Closed,FALSE_POSITIVE,2026-03-11 07:21:00,iso_space,High,
EDR000805,2026-03-19 17:32:28,D0124,U0109,PUP Detected,teams.exe,MEDIUM,In Progress,,2026-03-19 17:32:28,iso_space,Medium,MISSING_ANALYST_DECISION
EDR000166,2026-03-13 12:27:30,D0153,U0194,Suspicious Process,antivirus_update.exe,LOW,In Progress,FALSE_POSITIVE,2026-03-13 12:27:30,iso_space,Low,
EDR000818,2026-03-07 13:34:41,D0154,U0382,Suspicious Process,inventory_scan.exe,MEDIUM,In Progress,FALSE_POSITIVE,2026-03-07 13:34:41,iso_space,MEDIUM,
EDR000123,2026-03-16 15:37:16,D0170,U0264,Suspicious Process,sccm_client.exe,HIGH,Closed,FALSE_POSITIVE,2026-03-16 15:37:16,iso_space,HIGH,
EDR001183,2026-03-11 00:06:00,D0143,U0265,Suspicious Process,backup_agent.exe,HIGH,Closed,FALSE_POSITIVE,2026-03-11T00:06:00Z,iso_z,High,
EDR001010,2026-03-15 17:51:27,D0056,U0303,Suspicious Process,python.exe,MEDIUM,Closed,FALSE_POSITIVE,2026-03-15 17:51:27,iso_space,Medium,
EDR000008,2026-03-18 16:55:24,D0162,U0013,Suspicious Process,sccm_client.exe,HIGH,Open,FALSE_POSITIVE,2026-03-18 16:55:24,iso_space,High,
EDR000892,2026-03-22 19:47:00,D0164,U0345,Suspicious Process,teams.exe,MEDIUM,Open,FALSE_POSITIVE,2026-03-22T19:47:00Z,iso_z,Medium,
EDR000226,2026-03-08 15:06:59,D0084,U0302,Suspicious Process,inventory_scan.exe,HIGH,In Progress,FALSE_POSITIVE,2026-03-08 15:06:59,iso_space,HIGH,
EDR001592,2026-03-10 14:48:18,D0081,U0323,Unusual Network,teams.exe,MEDIUM,Open,NEEDS_INVESTIGATION,2026-03-10 14:48:18,iso_space,medium,
EDR001063,2026-03-11 08:11:38,D0160,U0026,PUP Detected,teams.exe,MEDIUM,Closed,FALSE_POSITIVE,2026-03-11 08:11:38,iso_space,Medium,
EDR001261,2026-03-11 04:00:00,D0120,U0066,Suspicious Process,backup_agent.exe,HIGH,Closed,FALSE_POSITIVE,2026-03-11 04:00:00,iso_space,high,
EDR000160,2026-03-11 13:00:11,D0009,U0012,PUP Detected,teams.exe,LOW,Open,FALSE_POSITIVE,2026-03-11T13:00:11Z,iso_z,low,
EDR000165,2026-03-02 14:03:18,D0116,U0291,Suspicious Process,inventory_scan.exe,HIGH,In Progress,FALSE_POSITIVE,2026-03-02 14:03:18,iso_space,High,
EDR000237,2026-03-04 12:45:00,D0062,U0072,Unusual Network,sccm_client.exe,LOW,In Progress,FALSE_POSITIVE,2026-03-04 12:45:00,iso_space,LOW,
EDR001294,2026-03-11 05:39:00,D0189,U0357,Suspicious Process,backup_agent.exe,HIGH,Closed,FALSE_POSITIVE,2026-03-11 05:39:00,iso_space,High,
EDR000106,2026-03-17 08:08:12,D0072,U0200,Suspicious Process,chrome.exe,MEDIUM,In Progress,FALSE_POSITIVE,2026-03-17 08:08:12,iso_space,Medium,
EDR001365,2026-03-11 09:12:00,D0146,U0246,Suspicious Process,backup_agent.exe,HIGH,Closed,FALSE_POSITIVE,2026-03-11 09:12:00,iso_space,HIGH,
EDR000449,2026-03-06 12:18:39,D0075,U0134,Suspicious Process,sccm_client.exe,LOW,In Progress,FALSE_POSITIVE,2026-03-06 12:18:39,iso_space,LOW,
EDR001669,2026-03-15 17:55:03,D0178,U0042,Suspicious Process,mimikatz.exe,LOW,In Progress,NEEDS_INVESTIGATION,2026-03-15 17:55:03,iso_space,LOW,
EDR000038,2026-03-05 09:09:41,D0120,U0333,Unusual Network,inventory_scan.exe,MEDIUM,Closed,FALSE_POSITIVE,2026-03-05 09:09:41,iso_space,medium,
EDR001175,2026-03-08 17:34:12,D0052,U0192,Unusual Network,python.exe,LOW,In Progress,FALSE_POSITIVE,2026-03-08 17:34:12,iso_space,low,
EDR000752,2026-03-04 15:20:36,D0057,U0302,Suspicious Process,outlook.exe,MEDIUM,Closed,FALSE_POSITIVE,2026-03-04 15:20:36,iso_space,MEDIUM,
EDR000895,2026-03-07 13:32:15,D0022,U0005,Suspicious Process,chrome.exe,LOW,In Progress,FALSE_POSITIVE,2026-03-07 13:32:15,iso_space,low,
EDR000828,2026-03-15 09:32:26,D0175,U0241,Suspicious Process,sccm_client.exe,LOW,Open,FALSE_POSITIVE,2026-03-15 09:32:26,iso_space,LOW,
EDR001528,2026-03-11 17:21:00,D0110,U0369,Suspicious Process,backup_agent.exe,HIGH,Closed,FALSE_POSITIVE,2026-03-11T17:21:00Z,iso_z,HIGH,
EDR000520,2026-03-17 09:10:15,D0173,U0186,Unusual Network,python.exe,MEDIUM,Closed,FALSE_POSITIVE,2026-03-17 09:10:15,iso_space,medium,
EDR000397,2026-03-18 12:05:42,D0045,U0107,PUP Detected,outlook.exe,LOW,Closed,,2026-03-18 12:05:42,iso_space,Low,MISSING_ANALYST_DECISION
EDR000659,2026-03-12 14:28:07,D0135,U0365,Suspicious Process,sccm_client.exe,MEDIUM,Open,FALSE_POSITIVE,2026-03-12T14:28:07Z,iso_z,MEDIUM,
EDR001320,2026-03-11 06:57:00,D0127,U0194,Suspicious Process,backup_agent.exe,HIGH,Closed,FALSE_POSITIVE,2026-03-11T06:57:00Z,iso_z,HIGH,
EDR000439,2026-03-05 14:22:24,D0164,U0134,PUP Detected,python.exe,HIGH,In Progress,FALSE_POSITIVE,2026-03-05 14:22:24,iso_space,high,
EDR001092,2026-03-11 19:47:06,D0198,U0044,Suspicious Process,teams.exe,MEDIUM,Closed,FALSE_POSITIVE,2026-03-11T19:47:06Z,iso_z,MEDIUM,
EDR001705,2026-03-14 19:35:40,D0025,U0008,Suspicious Process,mimikatz.exe,LOW,In Progress,NEEDS_INVESTIGATION,2026-03-14 19:35:40,iso_space,low,
EDR001120,2026-03-02 08:52:27,D0015,U0324,Suspicious Process,outlook.exe,MEDIUM,Closed,FALSE_POSITIVE,2026-03-02 08:52:27,iso_space,MEDIUM,
EDR000379,2026-03-10 11:32:29,D0166,U0294,PUP Detected,teams.exe,HIGH,Open,FALSE_POSITIVE,2026-03-10T11:32:29Z,iso_z,high,
EDR001372,2026-03-11 09:33:00,D0027,U0251,Suspicious Process,backup_agent.exe,HIGH,Closed,FALSE_POSITIVE,2026-03-11 09:33:00,iso_space,high,
EDR000824,2026-03-22 08:06:15,D0015,U0094,Suspicious Process,inventory_scan.exe,LOW,Closed,FALSE_POSITIVE,2026-03-22 08:06:15,iso_space,Low,
EDR000268,2026-03-17 12:05:28,D0130,U0269,PUP Detected,teams.exe,MEDIUM,Open,FALSE_POSITIVE,2026-03-17T12:05:28Z,iso_z,Medium,
EDR000274,2026-03-08 15:20:12,D0153,U0286,Unusual Network,outlook.exe,MEDIUM,Open,,2026-03-08 15:20:12,iso_space,Medium,MISSING_ANALYST_DECISION
EDR001298,2026-03-11 05:51:00,D0183,U0056,Suspicious Process,backup_agent.exe,HIGH,Closed,FALSE_POSITIVE,2026-03-11 05:51:00,iso_space,High,
EDR000834,2026-03-21 14:45:49,D0007,U0339,Unusual Network,inventory_scan.exe,MEDIUM,In Progress,FALSE_POSITIVE,2026-03-21 14:45:49,iso_space,MEDIUM,
EDR001525,2026-03-11 17:12:00,D0165,U0388,Suspicious Process,backup_agent.exe,HIGH,Closed,FALSE_POSITIVE,2026-03-11 17:12:00,iso_space,HIGH,
EDR001097,2026-03-08 08:40:57,D0143,U0036,Suspicious Process,chrome.exe,LOW,In Progress,FALSE_POSITIVE,2026-03-08 08:40:57,iso_space,Low,
EDR000693,2026-03-13 10:30:50,D0021,U0047,Suspicious Process,python.exe,LOW,Open,FALSE_POSITIVE,2026-03-13T10:30:50Z,iso_z,low,
EDR000233,2026-03-08 12:17:39,D0062,U0391,PUP Detected,sccm_client.exe,MEDIUM,Open,FALSE_POSITIVE,2026-03-08T12:17:39Z,iso_z,MEDIUM,
EDR000836,2026-03-19 15:23:42,D0133,U0087,Unusual Network,antivirus_update.exe,MEDIUM,Open,FALSE_POSITIVE,2026-03-19 15:23:42,iso_space,medium,
EDR000661,2026-03-15 15:19:00,D0130,U0320,Unusual Network,antivirus_update.exe,LOW,Closed,FALSE_POSITIVE,2026-03-15 15:19:00,iso_space,LOW,
EDR001793,2026-03-12 03:21:00,D0003,U0007,Credential Access,cryptolock.exe,HIGH,In Progress,NEEDS_INVESTIGATION,2026-03-12 03:21:00,iso_space,HIGH,
EDR000044,2026-03-10 12:39:51,D0030,U0123,Unusual Network,inventory_scan.exe,MEDIUM,Open,,2026-03-10 12:39:51,iso_space,medium,MISSING_ANALYST_DECISION
EDR000549,2026-03-21 19:57:28,D0086,U0297,Suspicious Process,teams.exe,MEDIUM,In Progress,FALSE_POSITIVE,2026-03-21 19:57:28,iso_space,MEDIUM,
EDR001457,2026-03-11 13:48:00,D0161,U0045,Suspicious Process,backup_agent.exe,HIGH,Closed,FALSE_POSITIVE,2026-03-11T13:48:00Z,iso_z,High,
EDR000361,2026-03-09 16:30:05,D0171,U0380,Suspicious Process,antivirus_update.exe,MEDIUM,Open,,2026-03-09 16:30:05,iso_space,medium,MISSING_ANALYST_DECISION
EDR000704,2026-03-10 17:33:07,D0055,U0389,Suspicious Process,antivirus_update.exe,HIGH,Open,FALSE_POSITIVE,2026-03-10 17:33:07,iso_space,HIGH,
EDR001323,2026-03-11 07:06:00,D0153,U0124,Suspicious Process,backup_agent.exe,HIGH,Closed,FALSE_POSITIVE,2026-03-11 07:06:00,iso_space,HIGH,
EDR000059,2026-03-16 11:51:16,D0055,U0212,Suspicious Process,inventory_scan.exe,LOW,Open,,2026-03-16 11:51:16,iso_space,LOW,MISSING_ANALYST_DECISION
EDR000782,2026-03-20 14:14:41,D0119,U0394,Suspicious Process,antivirus_update.exe,MEDIUM,Open,FALSE_POSITIVE,2026-03-20 14:14:41,iso_space,MEDIUM,
